,prod_0,prod_1,prod_2,prod_3,prod_4,prod_5,prod_6,prod_7,prod_8,prod_9,prod_10,prod_11,prod_12,prod_13,prod_14,prod_15,n_week,week_year,month_year
0,85.06,147.5,116.74,100.08,168.84,135.41,124.1,136.92,-140.97,1113.79,1486.95,469.56,0.0,0.0,0.0,0.0,1,2020-01,2020-01
1,316.69,286.41,350.55,278.13,350.71,214.79,374.51,317.31,6563.76,4527.58,5431.29,3957.17,0.0,0.0,0.0,0.0,2,2020-02,2020-01
2,315.23,148.46,289.4,114.26,269.62,130.43,275.7,241.5,15756.76,8997.36,7436.73,13294.4,0.0,0.0,0.0,0.0,3,2020-03,2020-01
3,280.03,305.37,261.44,166.41,305.28,298.25,287.55,156.66,10397.38,2288.59,4868.89,6154.11,0.0,0.0,0.0,0.0,4,2020-04,2020-01
4,100.21,36.47,36.39,33.62,0.0,81.84,48.27,30.74,991.18,199.66,558.51,0.0,0.0,0.0,0.0,0.0,5,2020-05,2020-02
5,43.91,94.33,25.48,0.0,0.0,84.37,49.15,75.67,759.94,1519.01,1425.9,1301.37,0.0,0.0,0.0,1788.68,6,2020-06,2020-02
6,228.04,209.51,130.77,89.37,165.42,67.54,116.77,149.49,2357.49,6963.59,7696.28,7748.93,0.0,0.0,0.0,15112.16,7,2020-07,2020-02
7,217.59,427.22,310.34,264.2,265.64,134.34,279.41,256.11,4976.75,4912.01,8636.23,10909.97,0.0,0.0,0.0,19323.27,8,2020-08,2020-02
8,119.46,12.51,63.85,169.02,97.39,159.42,55.47,45.15,950.56,418.42,910.8,1342.35,0.0,0.0,0.0,3169.12,9,2020-09,2020-03
9,614.07,230.6,391.56,371.92,327.49,675.1,367.3,349.54,8728.45,6148.79,6563.5,8305.81,0.0,0.0,0.0,17222.32,10,2020-10,2020-03
10,479.81,386.21,89.44,230.46,220.31,217.77,230.45,150.69,6481.29,10373.67,4510.72,6852.84,0.0,0.0,0.0,18737.58,11,2020-11,2020-03
11,719.99,641.1,444.15,360.71,383.99,193.21,600.59,378.97,7565.56,13216.69,6090.87,9311.55,0.0,0.0,0.0,27571.77,12,2020-12,2020-03
12,195.01,326.42,172.26,133.15,166.8,115.02,128.5,73.44,1969.39,691.12,378.51,-88.93,0.0,0.0,0.0,4357.54,13,2020-13,2020-04
13,531.05,394.18,223.67,350.46,352.49,257.13,510.05,376.51,10442.21,7591.78,6691.16,7227.93,0.0,0.0,0.0,22263.14,14,2020-14,2020-04
14,614.94,475.07,343.67,214.58,268.98,385.14,445.15,560.29,13982.64,23174.64,12733.76,20617.94,0.0,0.0,0.0,42602.43,15,2020-15,2020-04
15,546.92,768.82,419.5,374.77,415.79,488.8,260.71,629.81,8731.7,12400.52,6660.83,14597.63,0.0,0.0,0.0,32608.76,16,2020-16,2020-04
16,171.56,305.24,232.2,272.75,249.27,205.51,172.58,102.19,2391.76,1484.33,-67.46,2946.0,0.0,0.0,0.0,6097.47,17,2020-17,2020-04
17,322.36,555.31,413.06,449.65,355.33,356.28,294.04,212.5,8324.92,6259.49,4432.12,7206.41,0.0,0.0,0.0,17906.8,18,2020-18,2020-05
18,439.29,295.0,63.09,193.16,127.92,329.85,264.33,242.38,16883.2,14781.73,14154.55,23425.72,0.0,0.0,0.0,29341.17,19,2020-19,2020-05
19,273.39,199.08,90.94,54.39,114.82,223.25,378.9,150.97,4341.29,7548.27,4378.66,7681.19,0.0,0.0,0.0,17252.18,20,2020-20,2020-05
20,204.71,175.96,77.38,88.54,126.63,56.77,181.15,193.91,2878.35,657.54,472.39,1674.96,0.0,0.0,0.0,2932.75,21,2020-21,2020-05
21,648.81,1134.95,643.05,670.36,748.41,360.5,493.45,603.62,7845.59,14907.79,8104.61,11512.59,0.0,0.0,0.0,36071.13,22,2020-22,2020-06
22,739.12,761.01,547.43,540.12,454.26,639.42,657.98,650.44,16724.29,29663.06,18211.37,26300.62,0.0,0.0,0.0,56666.52,23,2020-23,2020-06
23,618.26,1053.1,982.85,1278.0,496.57,970.36,514.95,1075.28,17976.35,31865.93,16073.24,21361.24,0.0,0.0,0.0,64596.66,24,2020-24,2020-06
24,140.61,416.06,238.83,509.16,258.48,142.77,373.22,280.79,3948.71,3567.72,2342.94,1336.07,0.0,0.0,0.0,7644.18,25,2020-25,2020-06
25,731.23,738.34,817.07,857.31,609.22,683.58,560.2,781.77,19545.44,18997.76,15164.97,14741.84,0.0,0.0,0.0,50739.52,26,2020-26,2020-07
26,202.06,167.89,112.54,208.2,233.27,93.02,357.08,75.71,10272.67,6721.33,9152.18,6783.51,0.0,0.0,0.0,26395.48,27,2020-27,2020-07
27,657.62,395.79,536.01,381.55,437.45,469.21,625.63,290.1,15771.26,13328.03,19460.49,18004.28,0.0,0.0,0.0,46195.27,28,2020-28,2020-07
28,525.56,397.75,727.23,445.86,373.36,515.74,601.03,468.74,5879.51,4079.3,872.57,7939.67,0.0,0.0,0.0,22282.85,29,2020-29,2020-07
29,90.2,196.41,344.61,187.12,88.8,159.06,167.31,177.91,1834.1,4292.97,1386.77,3004.42,0.0,0.0,0.0,10662.63,30,2020-30,2020-07
30,351.71,525.48,950.26,623.76,187.37,646.17,490.28,567.91,14517.21,25881.44,12434.61,22901.49,0.0,0.0,0.0,76180.27,31,2020-31,2020-08
31,400.1,348.74,337.16,376.81,95.0,146.44,373.88,321.79,4071.68,12748.72,5556.6,8411.02,0.0,0.0,0.0,22718.05,32,2020-32,2020-08
32,1165.47,636.77,902.42,671.67,612.43,490.44,578.28,471.05,6720.46,5760.13,4473.1,4845.64,0.0,0.0,0.0,21681.19,33,2020-33,2020-08
33,760.72,1037.45,1110.17,1029.46,758.65,726.54,1096.12,661.25,12597.06,28099.32,15643.4,34746.2,0.0,0.0,0.0,61128.21,34,2020-34,2020-08
34,540.05,998.15,731.32,479.74,580.94,710.73,676.73,415.5,27842.63,38617.77,29258.07,64320.35,0.0,0.0,0.0,86541.1,35,2020-35,2020-09
35,556.85,629.06,389.78,629.48,197.32,489.08,316.73,431.71,4653.07,32116.7,6923.83,30604.99,0.0,0.0,0.0,58856.21,36,2020-36,2020-09
36,692.88,470.37,495.18,645.82,266.33,715.33,584.42,695.0,360.7,12408.38,9121.31,6016.49,0.0,0.0,0.0,34354.14,37,2020-37,2020-09
37,691.26,372.86,429.22,654.21,260.45,348.51,545.2,538.74,14410.25,19014.4,10337.69,18557.35,0.0,0.0,0.0,45103.11,38,2020-38,2020-09
38,317.47,402.51,224.11,290.17,73.06,145.9,199.97,95.9,8278.75,28597.82,9518.23,9437.57,0.0,0.0,0.0,39704.84,39,2020-39,2020-10
39,770.26,783.91,774.09,1047.56,474.9,603.73,667.61,331.93,25906.45,35253.08,32072.84,17472.78,0.0,0.0,0.0,95253.24,40,2020-40,2020-10
40,795.98,720.77,659.16,403.54,500.73,533.41,653.49,705.92,3422.57,3874.02,1343.37,6668.61,0.0,0.0,0.0,36692.64,41,2020-41,2020-10
41,287.41,190.93,201.58,261.54,216.97,142.76,125.5,441.01,8546.22,33.9,12744.22,6674.06,0.0,0.0,0.0,21992.41,42,2020-42,2020-10
42,176.19,76.77,69.79,13.74,38.2,101.88,146.41,0.0,2159.21,6951.2,0.0,2306.22,0.0,0.0,0.0,11457.23,43,2020-43,2020-10
43,421.16,95.35,114.46,196.72,274.97,253.64,285.27,152.63,12537.25,12745.68,10569.43,6363.51,0.0,0.0,0.0,44265.93,44,2020-44,2020-11
44,227.8,196.61,394.72,592.19,284.32,401.22,246.74,668.57,2779.28,3139.82,3630.35,13813.19,0.0,0.0,0.0,21210.49,45,2020-45,2020-11
45,253.21,287.78,343.91,131.49,177.14,187.12,163.7,205.57,5037.65,7171.23,11806.27,8270.03,0.0,0.0,0.0,15104.15,46,2020-46,2020-11
46,252.55,222.58,369.89,610.45,193.11,511.69,199.03,878.12,30286.19,14720.91,33315.07,21517.3,0.0,0.0,0.0,25292.69,47,2020-47,2020-11
47,936.62,837.8,833.89,1274.44,945.34,710.96,910.99,1850.61,39717.74,36798.12,56499.92,56909.62,0.0,0.0,0.0,85330.61,48,2020-48,2020-12
48,880.04,1015.49,331.13,889.1,481.79,482.18,550.2,845.67,11108.52,11748.57,445.43,-3592.71,0.0,0.0,0.0,54128.54,49,2020-49,2020-12
49,328.3,358.56,299.74,719.07,245.89,295.66,419.63,604.27,15249.43,12856.01,14346.97,7782.19,0.0,0.0,0.0,56792.63,50,2020-50,2020-12
50,65.35,348.42,780.55,1321.59,129.85,596.06,340.44,829.02,36155.14,34885.37,52732.79,35871.35,0.0,0.0,0.0,93426.02,51,2020-51,2020-12
51,545.38,797.57,612.52,811.31,137.15,818.6,475.27,528.37,22729.1,21297.92,44412.49,23518.11,0.0,0.0,0.0,95406.87,52,2020-52,2020-12
52,312.93,265.53,149.66,93.18,140.32,269.47,377.29,366.79,983.26,2341.83,221.95,8853.09,0.0,0.0,0.0,36676.42,53,2021-01,2021-01
53,1502.94,1412.06,696.3,1681.98,684.36,834.21,1281.07,1258.11,29327.99,32746.05,46970.61,43509.6,0.0,0.0,0.0,188199.14,54,2021-02,2021-01
54,990.91,907.12,197.96,1491.8,443.04,493.59,764.89,1153.55,53842.69,49571.36,105345.94,53984.11,0.0,0.0,0.0,175848.26,55,2021-03,2021-01
55,772.82,743.23,660.31,1103.99,291.44,498.31,826.08,1138.76,24314.03,32754.52,41970.46,34929.1,0.0,0.0,0.0,153273.55,56,2021-04,2021-01
56,786.52,715.06,1276.65,1715.26,287.74,658.55,636.15,1325.44,5750.39,12221.99,-3814.77,-2222.53,0.0,0.0,0.0,169552.16,57,2021-05,2021-02
57,1230.29,356.95,397.07,879.5,426.7,745.19,660.07,1281.9,16966.15,16106.14,46754.37,29478.43,0.0,0.0,0.0,122749.34,58,2021-06,2021-02
58,1072.12,341.61,961.41,1597.29,544.68,580.14,619.16,1343.51,70015.0,44427.5,74025.87,58902.23,0.0,0.0,0.0,124041.88,59,2021-07,2021-02
59,938.24,778.74,2042.01,1932.8,623.72,882.01,901.85,1678.92,58364.57,56403.01,97041.46,119097.97,0.0,0.0,0.0,171311.38,60,2021-08,2021-02
60,956.52,1558.35,2035.7,1513.48,841.34,1296.65,1022.6,1927.6,17064.23,26698.59,51020.07,28157.41,0.0,0.0,0.0,131726.61,61,2021-09,2021-03
61,967.47,881.83,1062.29,2070.92,617.36,922.55,1084.45,945.72,28233.9,42522.71,24372.73,43876.24,0.0,0.0,0.0,76861.67,62,2021-10,2021-03
62,122.32,274.98,432.93,188.7,234.31,266.35,252.6,244.42,15398.87,15075.58,27471.89,26540.29,0.0,0.0,0.0,13131.82,63,2021-11,2021-03
63,474.66,1037.24,1168.97,1276.0,1017.25,790.72,1163.61,866.05,55134.48,36134.33,70462.33,64491.51,0.0,0.0,0.0,42215.88,64,2021-12,2021-03
64,519.02,546.84,105.63,673.29,357.08,478.52,310.49,882.45,7770.82,5493.47,24963.55,5221.91,0.0,0.0,0.0,21679.12,65,2021-13,2021-04
65,777.3,733.12,216.67,1148.02,341.83,596.21,246.7,279.04,26530.17,10844.83,27304.83,22767.46,0.0,0.0,0.0,19780.36,66,2021-14,2021-04
66,517.71,731.16,661.21,579.74,75.01,377.14,357.97,550.12,23513.69,28553.05,42607.38,72233.48,0.0,0.0,0.0,9076.82,67,2021-15,2021-04
67,2357.86,1908.85,1391.64,1442.17,975.67,1527.31,1525.38,2939.18,82502.73,76092.28,133896.8,106172.08,0.0,0.0,0.0,47720.48,68,2021-16,2021-04
68,819.95,1751.02,1615.06,1892.38,1342.68,721.95,1431.23,1393.94,30410.59,492.79,-8124.43,12001.47,0.0,0.0,0.0,48862.33,69,2021-17,2021-04
69,1451.77,1668.51,2648.43,2959.66,1149.52,1022.95,1786.34,1941.08,100008.29,56986.01,68133.24,144800.33,0.0,0.0,0.0,74978.94,70,2021-18,2021-05
70,758.83,1442.49,1586.32,1373.34,671.03,1324.21,1230.51,1488.67,144084.17,113469.71,186491.18,222333.7,0.0,0.0,0.0,89251.81,71,2021-19,2021-05
71,404.77,628.01,752.32,1455.03,950.81,859.73,509.21,653.23,57584.96,24230.36,85431.69,76478.62,0.0,0.0,0.0,68504.88,72,2021-20,2021-05
72,644.48,0.0,39.74,391.93,109.02,32.93,103.92,478.71,7046.37,3573.43,7264.35,-3654.7,0.0,0.0,0.0,21355.49,73,2021-21,2021-05
73,1734.85,998.25,2335.94,4892.88,1873.45,1780.09,1126.33,3403.89,76107.68,115492.17,99160.62,170802.95,0.0,0.0,0.0,236976.39,74,2021-22,2021-06
74,1006.34,764.76,1669.84,2270.23,531.43,1054.68,675.53,1588.8,96303.07,86258.17,100046.03,77934.63,0.0,0.0,0.0,114922.65,75,2021-23,2021-06
75,310.25,197.05,319.42,592.2,23.9,384.78,122.99,497.29,1111.44,18740.57,24535.59,14219.76,0.0,0.0,0.0,38595.12,76,2021-24,2021-06
76,552.49,676.45,616.63,589.61,528.89,522.78,589.31,636.3,23241.14,-9742.74,7280.79,-12911.28,0.0,0.0,0.0,89956.98,77,2021-25,2021-06
77,1274.02,1657.62,1869.46,1204.45,988.81,686.14,1439.43,660.28,99471.45,39662.76,68516.17,58912.05,0.0,0.0,0.0,213610.72,78,2021-26,2021-07
78,761.21,951.75,820.82,1183.23,645.84,915.2,472.94,1105.51,84151.91,100159.45,107929.42,124815.7,0.0,0.0,0.0,129743.61,79,2021-27,2021-07
79,1424.03,1249.38,3023.14,2162.48,1432.59,1855.51,1174.69,2918.1,164093.79,112430.14,86338.72,139241.55,0.0,0.0,0.0,254715.46,80,2021-28,2021-07
80,1257.64,1125.89,1944.49,673.3,304.79,876.35,587.15,1522.84,41817.23,24458.22,7597.96,26645.15,0.0,0.0,0.0,136216.59,81,2021-29,2021-07
81,948.33,884.83,2626.09,1854.05,766.5,1077.1,1115.31,2090.69,87239.75,67337.7,84430.73,81718.87,0.0,0.0,0.0,180172.12,82,2021-30,2021-07
82,1323.44,1834.95,3622.78,4932.38,1333.47,1353.75,2049.51,2551.22,311087.1,245300.65,403329.5,410541.83,0.0,0.0,0.0,269092.37,83,2021-31,2021-08
83,2190.37,2211.86,2321.41,3943.76,1679.83,667.53,2608.47,1877.22,165030.97,173234.84,423437.6,180232.84,0.0,0.0,0.0,208743.06,84,2021-32,2021-08
84,599.44,166.4,698.51,2264.32,949.01,450.57,673.18,1023.64,79590.75,6174.12,43873.98,33258.03,0.0,0.0,0.0,80476.53,85,2021-33,2021-08
85,2449.21,1155.25,3494.86,4464.99,1488.21,1757.38,1692.41,3316.55,143070.45,145435.5,133429.88,215096.26,0.0,0.0,0.0,181180.55,86,2021-34,2021-08
86,1985.72,3430.92,4853.18,3480.5,1726.74,1038.42,2034.73,2746.49,311740.95,452485.53,454840.97,573384.17,0.0,0.0,0.0,142987.52,87,2021-35,2021-09
87,1816.52,2263.88,2918.55,3969.37,2335.9,1365.04,1742.83,2329.76,180876.27,222041.5,332732.53,347993.81,0.0,0.0,0.0,113892.33,88,2021-36,2021-09
88,1465.49,2710.09,2379.09,3109.91,1403.43,1662.04,1392.68,1744.05,-1399.39,6124.36,36712.26,38647.87,0.0,0.0,0.0,80726.12,89,2021-37,2021-09
89,1191.73,1415.96,1343.64,650.07,430.93,521.74,358.86,358.48,33048.68,60815.84,41837.23,35696.76,0.0,0.0,0.0,30609.16,90,2021-38,2021-09
90,462.55,1389.14,1278.7,1227.55,503.32,828.74,840.46,756.93,192973.49,121335.87,150766.5,202091.22,0.0,0.0,0.0,33693.19,91,2021-39,2021-09
91,3199.93,3273.0,3170.1,3101.72,2135.48,2359.08,2631.41,2923.27,296300.89,269788.61,439047.69,585539.81,0.0,0.0,0.0,99702.78,92,2021-40,2021-10
92,392.9,134.11,350.98,706.41,0.0,216.73,240.41,522.75,656.41,28189.09,12565.79,0.0,0.0,0.0,0.0,8688.21,93,2021-42,2021-10
93,1861.35,612.12,396.41,2180.04,606.07,1023.6,1122.0,1228.98,122001.96,136683.43,111958.05,193979.86,0.0,0.0,0.0,48897.25,94,2021-43,2021-10
94,1947.58,2405.9,2060.72,3362.96,2464.56,1610.99,1610.72,2726.69,239269.72,174147.84,304770.04,502163.36,0.0,0.0,0.0,141504.98,95,2021-44,2021-11
95,2269.83,3079.07,2065.41,4372.49,2639.86,2070.48,2614.85,3740.72,900.14,19192.73,157628.95,50720.93,0.0,0.0,0.0,256918.09,96,2021-45,2021-11
96,1933.93,1462.13,1485.3,1634.98,427.46,1125.82,668.07,2552.69,137950.2,63868.88,166890.23,144866.48,0.0,0.0,0.0,98954.22,97,2021-46,2021-11
97,3056.19,3089.71,3656.45,4848.41,1291.54,996.85,1418.69,3488.54,217113.94,333363.02,576037.2,740680.1,0.0,0.0,0.0,201170.99,98,2021-47,2021-11
98,1227.72,514.46,2629.03,1797.77,1301.83,563.77,619.59,1714.11,133366.24,134738.63,275568.26,92286.51,0.0,0.0,0.0,108245.99,99,2021-48,2021-12
99,2003.46,1543.88,2769.35,2692.87,733.58,1405.63,1340.92,1472.35,96930.99,-16686.0,99959.69,24204.69,0.0,0.0,0.0,166478.93,100,2021-49,2021-12
100,942.11,525.7,851.81,1211.27,285.99,319.98,471.74,202.6,16663.14,59362.96,81910.5,127691.3,0.0,0.0,0.0,68590.49,101,2021-50,2021-12
101,2614.76,1473.78,2238.54,3106.04,896.49,1412.21,1377.03,1061.86,185868.78,434982.98,537273.84,522358.06,0.0,0.0,0.0,230064.05,102,2021-51,2021-12
102,1201.23,2167.48,1586.85,1397.01,1143.68,920.74,584.59,1302.7,118672.62,225675.92,270775.3,199637.66,0.0,0.0,0.0,130573.51,103,2021-52,2021-12
103,2291.04,7497.89,4917.61,5053.91,3582.65,3793.52,2388.31,6641.93,69699.87,83354.9,412124.44,302691.53,0.0,0.0,0.0,434263.6,104,2022-01,2022-01
104,2484.12,4020.05,5009.05,3425.89,1873.12,1317.7,1783.65,3624.19,212323.91,205962.61,310760.84,481469.25,0.0,0.0,0.0,291724.94,105,2022-02,2022-01
105,651.97,1313.22,1802.73,1401.16,992.34,633.62,812.8,1784.32,182469.16,217789.68,287854.3,661815.21,0.0,0.0,0.0,126277.32,106,2022-03,2022-01
106,3139.95,3197.16,3582.68,2663.52,1633.56,2305.89,1528.84,2476.44,273976.19,486567.15,581660.02,721641.36,0.0,0.0,0.0,224153.87,107,2022-04,2022-01
107,2470.58,1540.72,2189.82,2405.3,2522.67,1725.86,821.74,2278.53,122254.99,116481.17,29157.19,139023.28,0.0,0.0,0.0,150356.25,108,2022-05,2022-02
108,934.89,528.85,1250.59,891.61,1918.43,804.01,753.47,989.49,142886.22,243283.73,300804.72,142434.17,0.0,0.0,0.0,81467.87,109,2022-06,2022-02
109,1746.09,2172.76,1656.86,2203.82,1858.12,1287.1,1050.53,3433.75,383089.92,339485.38,753200.86,389246.3,0.0,0.0,0.0,70082.99,110,2022-07,2022-02
110,2646.96,3910.65,3952.35,2999.23,1378.79,1389.09,1124.98,4067.38,514352.0,359569.22,462131.05,510079.39,0.0,0.0,0.0,113279.36,111,2022-08,2022-02
111,923.93,938.18,1349.49,2329.33,1006.93,1057.96,811.95,1006.16,4119.48,-41493.45,-41383.78,109383.42,0.0,0.0,0.0,49588.94,112,2022-09,2022-03
112,1611.07,1376.14,1618.02,637.77,414.51,877.85,895.53,1217.02,137214.18,92724.71,130951.2,403099.86,0.0,0.0,0.0,36382.55,113,2022-10,2022-03
113,3186.72,5317.1,4047.0,2375.58,2633.34,2809.99,2296.85,5300.36,865766.11,531671.87,1345670.45,1380434.09,0.0,0.0,0.0,102653.58,114,2022-11,2022-03
114,2590.94,2886.51,2955.14,2825.97,1177.61,1141.35,1216.33,1370.94,485830.18,376500.71,311799.51,454220.61,0.0,0.0,0.0,61478.15,115,2022-12,2022-03
115,2786.53,2853.71,1784.8,2397.03,788.61,1624.89,899.28,1440.64,82196.42,86118.82,404322.15,128175.36,0.0,0.0,0.0,69536.71,116,2022-13,2022-03
116,2865.76,3578.18,4897.75,5461.73,1753.64,627.46,1634.02,1818.04,197057.14,451751.94,574786.85,458883.01,0.0,0.0,0.0,98544.09,117,2022-14,2022-04
117,2492.21,1611.67,1704.46,1342.35,2333.59,723.71,791.1,1930.08,388868.31,707398.13,462675.52,426015.43,0.0,0.0,0.0,63297.42,118,2022-15,2022-04
118,781.41,374.7,1876.25,1451.55,1600.83,329.59,530.31,691.5,163558.86,92234.47,52745.45,327827.97,0.0,0.0,0.0,42351.8,119,2022-16,2022-04
119,4933.42,3581.23,9769.62,8126.92,3590.69,3205.95,3165.74,4484.06,435046.53,140242.61,242410.2,386221.81,0.0,0.0,0.0,278281.69,120,2022-17,2022-04
120,2790.87,2788.38,5414.16,3376.27,3153.01,2440.51,1033.55,3040.6,320775.08,623606.72,205259.35,373346.2,0.0,0.0,0.0,195077.45,121,2022-18,2022-05
121,5586.92,7694.23,9696.45,9866.63,6962.58,4772.53,3837.03,5702.46,1700956.71,2465852.38,2763175.25,2441358.71,0.0,0.0,0.0,494060.85,122,2022-19,2022-05
122,338.2,1675.96,2323.12,971.14,802.6,129.87,470.46,2132.69,59162.1,256676.11,113614.05,107260.1,0.0,0.0,0.0,74548.22,123,2022-20,2022-05
123,1215.62,2974.37,2287.94,1269.73,1502.23,1234.88,737.49,4381.55,-31521.82,68606.55,90974.79,31005.04,0.0,0.0,0.0,145102.58,124,2022-21,2022-05
124,1293.11,1346.3,2241.69,2410.72,1392.45,1368.81,1173.92,923.91,242674.9,201622.55,454179.42,379811.08,0.0,0.0,0.0,113459.08,125,2022-22,2022-06
125,3302.88,3477.78,6572.88,8018.47,3657.52,4512.71,3527.75,3517.48,939662.04,1015244.5,1469003.38,2179526.72,0.0,0.0,0.0,353826.85,126,2022-23,2022-06
126,2194.54,1319.02,1751.43,2410.0,2038.86,610.24,1237.05,2100.21,187929.89,234166.14,300155.03,338751.25,0.0,0.0,0.0,127957.39,127,2022-24,2022-06
127,7462.14,6176.69,6530.48,11455.96,3704.2,4533.87,3489.39,7196.49,158058.03,109829.03,166664.45,414184.84,0.0,0.0,0.0,382059.77,128,2022-25,2022-06
128,1607.67,936.49,1661.4,908.26,1452.8,1438.43,662.49,1277.81,156146.96,477072.48,377313.73,155918.04,0.0,0.0,0.0,64664.07,129,2022-27,2022-07
129,5224.48,5013.69,4129.99,8405.4,5918.66,4100.98,3245.59,6987.57,1060980.57,1496844.56,1983691.33,995844.86,0.0,0.0,0.0,321411.73,130,2022-28,2022-07
130,5599.5,5031.42,7699.54,8733.16,4160.48,5931.38,3562.12,10183.95,172094.76,498251.06,345984.48,281376.91,0.0,0.0,0.0,324475.18,131,2022-29,2022-07
131,4688.8,3825.02,4384.4,5853.98,5050.21,3478.23,3340.4,6671.5,642563.24,497658.23,1060965.88,1073743.55,0.0,0.0,0.0,232016.67,132,2022-30,2022-07
132,971.62,2846.37,2015.11,4572.53,1865.31,1215.23,887.95,3090.71,861489.13,492851.39,1506992.84,420689.66,0.0,0.0,0.0,90928.93,133,2022-31,2022-08
133,4984.24,6372.08,7834.69,7257.36,3439.51,5157.79,2028.06,5426.54,1056912.98,1146768.64,1744572.67,1220201.99,0.0,0.0,0.0,158916.63,134,2022-32,2022-08
134,4491.42,2619.4,2135.4,3365.98,3296.67,2463.82,2114.88,4709.5,77700.32,234714.04,213965.06,184051.88,0.0,0.0,0.0,91067.28,135,2022-33,2022-08
135,3546.24,4640.78,7438.66,9786.33,2100.62,5151.85,3186.67,5920.91,920020.19,834540.4,1068351.58,1346928.37,0.0,0.0,0.0,140406.65,136,2022-34,2022-08
136,2307.65,3980.02,2525.09,4936.05,2173.08,2667.75,1320.68,4093.69,918425.72,977573.25,1771387.43,1308318.1,0.0,0.0,0.0,71714.41,137,2022-35,2022-09
137,1820.39,2423.38,4529.51,3738.39,813.84,2335.73,471.39,3359.4,629101.2,435547.8,777086.25,804731.92,0.0,0.0,0.0,46483.93,138,2022-36,2022-09
138,1348.11,150.09,503.57,2219.96,1013.17,2619.4,602.83,1019.87,18539.77,-41215.46,342542.25,175177.51,0.0,0.0,0.0,34609.95,139,2022-37,2022-09
139,9764.68,6246.06,13586.89,13709.39,10003.13,11268.34,3317.48,9673.03,1723536.67,1561368.33,3979343.02,2442436.85,0.0,0.0,0.0,280183.62,140,2022-38,2022-09
140,398.58,1971.63,1184.73,838.52,1892.97,1968.61,979.71,2552.38,1012136.9,761369.57,1194102.22,604492.05,0.0,0.0,0.0,65506.49,141,2022-39,2022-09
141,4392.24,4409.59,5768.71,8269.05,3592.99,4579.3,2842.18,6115.76,1238930.75,1228589.03,1512826.46,1647612.63,0.0,0.0,0.0,170045.47,142,2022-40,2022-10
142,5237.64,8133.34,3985.39,9079.67,1600.65,4250.46,3200.09,4385.97,312735.5,-74683.66,245369.37,139497.1,0.0,0.0,0.0,192435.86,143,2022-41,2022-10
143,1463.1,573.2,0.0,2836.76,1660.71,517.06,448.29,1797.18,214609.86,124332.49,218310.43,258162.33,0.0,0.0,0.0,47075.73,144,2022-42,2022-10
144,5447.68,4386.92,1784.19,5052.59,4133.98,4370.37,1386.16,6352.9,1386084.45,1617332.0,2195174.6,2047699.96,0.0,0.0,0.0,193863.0,145,2022-43,2022-10
145,5661.8,7198.91,13265.93,10364.81,8306.58,11708.74,2443.05,8332.09,1614618.51,2522519.85,1865664.57,1866070.99,0.0,0.0,0.0,388733.08,146,2022-44,2022-11
146,8267.15,12152.28,15873.25,14108.89,10157.86,8006.8,2864.33,9170.75,815395.89,1618670.76,95759.23,815651.73,0.0,0.0,0.0,565635.28,147,2022-45,2022-11
147,4876.36,3198.6,2957.28,3979.71,3783.46,1687.32,1373.04,1053.23,656699.74,864435.85,1318093.3,1126067.61,0.0,0.0,0.0,201567.67,148,2022-46,2022-11
148,4435.57,7041.06,11787.25,9559.62,3523.87,2403.36,2660.3,4307.9,1779518.81,2635245.67,5453347.48,3308110.89,0.0,0.0,0.0,322293.86,149,2022-47,2022-11
149,3329.71,7204.7,13420.36,5465.99,3640.25,3160.47,1924.04,5581.18,1191469.37,1116573.97,3967994.4,2051801.42,0.0,0.0,0.0,281403.13,150,2022-48,2022-11
150,2595.48,1694.79,2282.18,2643.83,965.3,736.28,814.66,2186.97,28910.46,145978.58,-127675.12,-9842.79,0.0,0.0,0.0,75465.89,151,2022-49,2022-12
151,3643.65,11026.57,15027.89,16184.68,3126.09,6811.48,2965.13,6993.12,1355406.99,1365921.23,2569556.99,1039197.88,0.0,0.0,0.0,338063.64,152,2022-50,2022-12
152,2418.69,12505.03,9396.13,13927.0,2293.37,5465.76,2306.54,7200.37,3868858.35,2345276.98,6725562.95,4973723.32,0.0,0.0,0.0,278074.24,153,2022-51,2022-12
153,2563.12,2234.36,7884.19,1480.91,2490.0,2311.45,439.16,1064.95,657750.96,289340.11,670183.6,1451276.78,0.0,0.0,0.0,61489.01,154,2022-52,2022-12
154,7702.24,7479.91,28487.36,13277.73,5946.29,8331.53,2562.05,5273.38,309443.72,651873.99,493906.68,1572068.04,0.0,0.0,0.0,262268.89,155,2023-01,2023-01
155,1393.05,4501.56,8170.69,9428.98,2860.83,1039.0,1597.67,2529.62,716517.48,1147051.3,229005.97,739145.42,0.0,0.0,0.0,115849.8,156,2023-02,2023-01
156,6490.88,10175.74,7089.27,7465.24,5300.77,2259.24,1866.21,7967.0,3600565.33,5233640.64,5888830.37,5685794.27,0.0,0.0,0.0,167208.24,157,2023-03,2023-01
157,2799.59,4809.95,14225.29,9410.84,5378.88,4095.02,1274.7,11311.84,1988546.23,2662411.99,2746752.16,2096437.62,0.0,0.0,0.0,127193.63,158,2023-04,2023-01
158,2999.67,2624.8,11016.94,5360.87,3885.97,1481.59,875.52,3575.99,445730.35,749476.44,68499.73,825069.71,0.0,0.0,0.0,65861.72,159,2023-05,2023-02
159,5758.42,11106.51,13903.77,12386.14,7407.77,3905.54,2498.87,7541.15,1988259.62,4033862.57,3483422.41,4150300.06,0.0,0.0,0.0,146654.97,160,2023-06,2023-02
160,7092.73,7368.81,9291.65,5229.49,2600.81,2718.45,1172.83,2106.18,2980808.33,2157745.72,1799278.14,3851405.32,0.0,0.0,0.0,68022.63,161,2023-07,2023-02
161,8901.06,4731.72,16700.2,7401.05,2008.66,3978.54,2050.31,4098.69,1464731.38,666353.82,1742967.01,1457890.5,0.0,0.0,0.0,78949.77,162,2023-08,2023-02
162,3712.08,2720.05,0.0,2377.6,2069.45,1614.28,91.72,1173.29,-289720.6,190388.2,379468.52,643291.29,0.0,0.0,0.0,27387.22,163,2023-09,2023-03
163,6593.46,6584.44,5312.15,12636.31,5677.41,5557.33,2367.3,6466.81,651038.12,2362775.26,2250230.74,3793278.04,0.0,0.0,0.0,112848.53,164,2023-10,2023-03
164,14687.34,15584.98,32368.03,19063.69,6322.13,11612.66,6051.98,14255.92,10769564.35,9682071.4,6851561.74,12299096.92,0.0,0.0,0.0,229293.14,165,2023-11,2023-03
165,12360.52,6836.38,33421.78,17711.25,6970.68,4473.21,3293.93,6362.48,4790010.72,2245670.1,3944460.4,2442299.96,0.0,0.0,0.0,211749.03,166,2023-12,2023-03
166,2719.31,70.11,6359.53,3179.55,2203.7,0.0,339.06,3659.61,-179820.15,327510.39,-143559.28,182911.25,0.0,0.0,0.0,55455.49,167,2023-13,2023-03
167,516.76,943.29,3814.18,3883.73,1504.5,279.29,305.25,2350.45,1196044.02,79760.96,527898.86,676992.02,0.0,0.0,0.0,46597.87,168,2023-14,2023-04
168,5859.26,4608.0,19444.04,7206.73,2748.25,3949.07,2355.28,5890.79,4131352.84,2073882.0,4429759.73,6029767.17,0.0,0.0,0.0,202847.0,169,2023-15,2023-04
169,8327.06,9190.62,32704.46,12069.52,6951.76,4901.98,3752.41,12452.45,5395189.55,3343114.56,3983960.07,5887597.45,0.0,0.0,0.0,309196.53,170,2023-16,2023-04
170,4082.98,6897.94,18064.98,9575.52,4391.16,8943.74,698.32,696.93,-24062.81,434276.18,196478.09,683096.61,0.0,0.0,0.0,166229.64,171,2023-17,2023-04
171,13931.05,10665.76,45261.89,9766.45,7894.75,10526.09,2927.0,8040.74,1753211.57,3479919.77,4760174.17,4235330.55,0.0,0.0,0.0,366101.19,172,2023-18,2023-05
172,21592.27,11240.04,34661.61,15532.45,12629.97,8266.89,7002.02,21255.31,6723717.16,8922734.43,12941278.02,10993796.14,0.0,0.0,0.0,454893.61,173,2023-19,2023-05
173,41277.53,18916.58,51148.6,34867.07,17304.26,27083.74,6076.57,33243.3,11210140.98,8574718.53,13357441.13,14265728.09,0.0,0.0,0.0,847047.82,174,2023-20,2023-05
174,19479.79,18835.58,58650.82,23573.73,14311.47,17015.59,4810.08,25035.72,2288596.68,1767989.75,1082026.88,732439.49,0.0,0.0,0.0,640963.51,175,2023-21,2023-05
175,11590.89,13617.91,29428.03,20776.91,5544.96,8671.17,3682.66,11568.0,4220017.24,3445217.93,4356753.25,4681140.0,0.0,0.0,0.0,350046.15,176,2023-22,2023-06
176,6866.57,3771.02,7524.71,4780.01,0.0,2769.2,1818.67,4448.91,3530056.63,3650649.05,4839920.98,3408479.65,0.0,0.0,0.0,128790.1,177,2023-23,2023-06
177,0.0,0.0,5159.0,0.0,0.0,212.13,0.0,1572.75,514036.51,214104.38,1530125.78,0.0,0.0,0.0,0.0,14506.76,178,2023-24,2023-06
178,9971.19,4964.23,35657.57,18720.69,4702.95,8773.59,3215.74,20115.21,1786211.71,1263696.56,1054103.89,600389.26,0.0,0.0,0.0,238956.02,179,2023-25,2023-06
179,13702.58,5369.8,15559.92,16957.43,6465.53,2012.62,3467.01,6836.95,3170489.1,4021573.89,3688337.8,9178571.76,0.0,0.0,0.0,131466.47,180,2023-26,2023-06
180,36396.63,32409.74,79949.18,41167.6,21804.35,21375.85,13752.32,23261.89,34396117.15,23582219.41,30263899.3,43868956.61,0.0,0.0,0.0,457760.77,181,2023-27,2023-07
181,14545.79,15313.8,31375.87,15780.86,4868.36,8953.12,2620.83,10529.58,2183160.59,4736845.27,12526147.04,9567219.09,0.0,0.0,0.0,136843.92,182,2023-28,2023-07
182,11618.27,8168.24,10878.85,8068.38,2484.76,4808.81,1605.15,5284.77,470599.25,493018.06,2162700.09,2375893.66,0.0,0.0,0.0,68123.32,183,2023-29,2023-07
183,12862.91,4204.78,14103.92,0.0,2168.45,4836.79,1977.34,11175.48,3998061.97,3341050.04,5185188.34,3189920.74,0.0,0.0,0.0,87753.18,184,2023-30,2023-07
184,14087.18,9488.79,20044.02,8771.15,3277.13,8125.43,3248.57,8769.63,15735054.85,8059161.27,18995621.97,14899582.09,0.0,0.0,0.0,144758.97,185,2023-31,2023-08
185,14313.35,15712.02,30943.37,18672.78,9352.54,11035.82,3631.06,18579.36,12365120.82,7057712.91,21783376.71,10333346.73,0.0,0.0,0.0,166298.43,186,2023-32,2023-08
186,6773.61,14614.21,26543.25,13510.96,9569.9,11508.47,4200.66,11763.01,1625488.37,954071.53,-852239.22,3241684.11,0.0,0.0,0.0,126588.04,187,2023-33,2023-08
187,3229.04,2025.63,6685.9,1370.01,1693.65,2970.89,1072.63,6978.65,1577335.38,106115.59,1057891.72,494659.89,0.0,0.0,0.0,36246.99,188,2023-34,2023-08
188,47058.68,18665.8,78287.11,19548.31,13263.54,18322.85,10941.3,31911.76,31320363.85,6601248.52,35711415.2,40993793.59,0.0,0.0,0.0,362380.17,189,2023-35,2023-08
189,8498.37,8347.53,32040.61,6345.92,2634.28,6968.69,1811.36,1432.46,5078147.01,2744683.69,3989688.95,7704992.27,0.0,0.0,0.0,94347.68,190,2023-36,2023-09
190,4229.49,14321.65,43838.01,14630.11,3708.67,8910.07,2054.53,17669.34,-338308.33,-21822.2,5449569.91,200047.64,0.0,0.0,0.0,170573.91,191,2023-37,2023-09
191,1488.67,2579.66,12522.85,5067.95,0.0,2556.93,1017.46,6160.38,5612167.62,2302267.38,7840412.47,2596888.04,0.0,0.0,0.0,80109.51,192,2023-38,2023-09
192,4911.63,1115.84,8812.01,2299.88,1837.3,1232.05,522.24,6231.77,5632212.8,3642312.26,10510611.4,5901865.97,0.0,0.0,0.0,101987.06,193,2023-39,2023-09
193,14958.47,10555.12,20786.56,21148.97,8848.55,12738.55,1478.4,11387.95,10846195.79,11757871.97,17967667.03,12472261.44,0.0,0.0,0.0,305132.39,194,2023-40,2023-10
194,1777.47,2443.22,0.0,6909.18,1512.0,1451.74,2027.21,4629.84,117418.44,1812701.91,3282894.38,1154535.96,0.0,0.0,0.0,69073.35,195,2023-41,2023-10
195,8770.01,8756.02,24273.1,12182.04,6502.29,12670.79,4214.85,15812.28,3296067.9,5020017.86,9652033.04,16229168.6,0.0,0.0,0.0,232495.46,196,2023-42,2023-10
196,67189.19,34544.92,134275.97,50793.51,25638.92,47617.37,16271.65,46257.23,58160260.82,34321268.21,80264161.3,93870882.32,0.0,0.0,0.0,991692.09,197,2023-43,2023-10
197,26648.26,11567.41,35188.96,27429.31,12042.6,21392.97,7568.15,28638.87,25847225.44,7929336.91,27288151.16,23830019.17,0.0,0.0,0.0,454379.4,198,2023-44,2023-11
198,12987.72,5346.69,50082.44,25042.16,10315.13,9292.7,7096.52,24696.93,2562075.75,1896550.34,1769466.07,7297790.98,0.0,0.0,0.0,376888.25,199,2023-45,2023-11
199,7328.23,1735.48,5973.59,7527.92,3250.15,4693.43,1535.59,9840.44,1343687.92,2438674.52,6940890.33,9081857.75,0.0,0.0,0.0,104094.22,200,2023-46,2023-11
200,9108.71,6957.62,35679.92,23051.86,8770.33,7530.02,2886.57,12924.22,17144889.26,9303955.97,30339396.7,19816270.65,0.0,0.0,0.0,186416.35,201,2023-47,2023-11
201,18974.58,15955.4,45234.82,22585.23,4196.74,14807.09,2884.27,9504.62,5712200.71,12648148.11,9869962.59,25347187.43,0.0,0.0,0.0,283272.98,202,2023-48,2023-11
202,57058.06,31026.13,53506.47,42738.17,10467.54,20492.72,8103.7,32244.4,8800577.75,5012015.76,9748841.13,8159901.78,0.0,0.0,0.0,448466.11,203,2023-49,2023-12
203,28163.2,4434.17,57466.14,27650.53,11888.66,17442.85,7283.53,33242.9,17408365.45,9970583.09,30748735.08,12748643.6,0.0,0.0,0.0,319626.71,204,2023-50,2023-12
204,12576.97,9318.63,35084.26,17923.58,4896.56,4293.27,3474.39,10370.9,25835007.09,12722320.62,31353282.48,23944217.21,0.0,0.0,0.0,136292.89,205,2023-51,2023-12
205,38444.22,22188.31,51997.35,7737.18,11041.73,17963.67,4851.64,21457.87,24369744.82,9315598.65,26737990.8,16090215.96,0.0,0.0,0.0,172653.22,206,2023-52,2023-12
206,5605.49,4916.28,0.0,2667.43,2365.01,6147.04,872.64,3888.84,-1142359.15,-29733.91,-2041234.64,1745136.73,0.0,0.0,0.0,35437.63,207,2024-00,2024-01
207,11563.59,13349.61,20055.75,11797.52,7093.4,8426.84,1512.73,12339.59,9989187.32,6871625.1,10867080.09,18388718.15,0.0,0.0,0.0,102294.21,208,2024-01,2024-01
208,20505.91,21611.94,64686.79,26567.47,12369.99,17867.86,5354.56,31605.42,52263366.26,27134395.49,112881263.78,37339515.86,0.0,0.0,0.0,196628.53,209,2024-02,2024-01
209,25804.53,5823.08,57078.36,25756.97,11533.26,12875.03,4213.87,23568.45,41669877.16,7054909.32,35710290.08,22165225.61,0.0,0.0,0.0,159884.76,210,2024-03,2024-01
210,1256.59,8923.51,16903.4,22571.51,112.47,6151.89,2360.58,4040.81,5856316.6,465502.88,6632065.04,-1209923.11,0.0,0.0,0.0,87661.5,211,2024-04,2024-02
211,50967.7,35519.71,77049.14,55680.47,9062.51,42179.82,9762.33,43292.58,53067661.18,16518154.91,96421287.68,42023353.58,0.0,0.0,0.0,400691.33,212,2024-05,2024-02
212,43648.44,10227.07,40497.33,21034.07,3316.24,30257.63,3470.76,23710.6,65351502.57,14122456.38,67652283.02,33707373.33,0.0,0.0,0.0,207326.35,213,2024-06,2024-02
213,40591.92,9454.16,68129.83,25194.88,12241.95,32809.0,3451.3,34506.41,57842980.22,13610054.6,49396123.02,30012815.85,0.0,0.0,0.0,297179.01,214,2024-07,2024-02
214,29462.71,9858.48,21200.71,19039.54,3223.37,20792.02,3409.85,18979.04,6041634.19,1509270.98,-2757621.13,2937069.13,0.0,0.0,0.0,168385.41,215,2024-08,2024-02
215,36643.76,10330.62,56486.28,16642.03,12771.87,13253.98,2665.23,25079.1,19901671.18,3960753.43,15099271.21,16745859.61,0.0,0.0,0.0,181513.59,216,2024-09,2024-03
216,17032.45,9224.54,14123.96,17310.48,14881.89,10127.41,4409.41,13151.16,41579653.27,9501403.97,20898761.76,30549298.67,0.0,0.0,0.0,170753.52,217,2024-10,2024-03
217,30063.87,13898.36,70870.27,23522.23,7373.63,22742.33,5488.09,27181.97,58454813.05,14149750.19,36130125.74,22609125.48,0.0,0.0,0.0,279116.3,218,2024-11,2024-03
218,44269.12,23012.75,54995.72,47352.61,19740.47,33277.49,5736.67,41739.88,14076168.15,3650591.93,15580270.2,2233494.0,0.0,0.0,0.0,467990.96,219,2024-12,2024-03
219,50246.59,21909.62,72319.49,18999.35,27306.11,33099.33,8097.82,6925.9,46250095.87,14694888.03,73080809.86,34986804.34,0.0,0.0,0.0,463070.58,220,2024-13,2024-04
220,46698.72,24062.83,135481.59,15768.9,39970.55,23624.98,10800.02,29118.95,85606218.36,33081648.94,159258966.95,70002896.19,0.0,0.0,0.0,449920.98,221,2024-14,2024-04
221,57976.3,20323.81,139454.4,34546.54,41905.99,45441.89,12650.44,29132.63,83548542.15,37031071.73,79005742.45,35435227.96,0.0,0.0,0.0,592036.95,222,2024-15,2024-04
222,43838.88,18290.8,103620.19,21587.34,25424.38,27961.17,7382.67,20926.22,8548434.48,2725730.39,1642967.72,6196695.84,0.0,0.0,0.0,369245.75,223,2024-16,2024-04
223,20870.42,23977.92,92282.93,23994.47,13931.58,13069.96,4527.5,21657.33,16592415.18,6169135.38,40741098.56,24254736.58,0.0,0.0,0.0,274829.16,224,2024-17,2024-05
224,21874.1,35598.97,132372.87,18785.3,20680.5,15081.81,5580.07,41130.49,93924166.19,37265782.04,64053504.11,61700829.52,0.0,0.0,0.0,299635.14,225,2024-18,2024-05
225,41689.38,70137.34,123702.09,42771.7,48201.19,48447.91,12819.06,52749.19,232697464.46,46415590.12,162783146.89,79531515.36,0.0,0.0,0.0,616682.71,226,2024-19,2024-05
226,12528.65,12272.11,41984.81,7375.98,12006.18,1946.95,501.94,27980.92,12812399.3,6995708.42,11884458.73,9681728.54,0.0,0.0,0.0,105100.81,227,2024-20,2024-05
227,62692.96,25475.01,49087.85,30518.63,28655.44,7271.64,5170.34,50791.05,76004488.65,8055271.64,62329299.91,26790048.9,0.0,0.0,0.0,244329.48,228,2024-21,2024-05
228,25077.57,19884.24,44316.92,34891.75,29027.68,24173.31,3706.42,50989.77,136754951.92,32336574.33,130016033.42,78355570.62,0.0,0.0,0.0,240524.73,229,2024-22,2024-06
229,11086.33,11378.62,17553.56,43059.56,9688.37,20299.65,5099.93,24235.88,46823412.01,22216362.35,56879686.28,17250890.49,0.0,0.0,0.0,117542.97,230,2024-23,2024-06
230,17488.6,5301.71,33980.57,19153.25,3952.88,30301.03,3778.67,16022.54,9682501.09,3857320.66,20063303.05,13735351.81,0.0,0.0,0.0,96758.96,231,2024-24,2024-06
231,77678.02,22489.49,170941.94,57746.92,8711.87,42290.27,7694.54,43158.24,65023917.67,22773919.17,73482489.98,41894087.71,0.0,0.0,0.0,229031.64,232,2024-25,2024-06
232,52943.0,25054.79,143876.87,37063.88,27771.19,46594.17,11811.04,47938.14,206712122.14,76214913.04,126409727.39,135853019.53,0.0,0.0,0.0,233921.49,233,2024-26,2024-07
233,0.0,10859.09,77488.64,4701.49,5237.15,7609.26,1467.84,22380.68,48794071.37,10378401.54,18419257.12,16859160.78,0.0,0.0,0.0,58468.8,234,2024-27,2024-07
234,27916.37,24707.75,114608.01,38929.33,19615.37,14283.84,3643.49,36671.03,32236281.06,4862884.91,35299393.02,11690274.2,0.0,0.0,0.0,175287.18,235,2024-28,2024-07
235,25789.88,15936.95,55942.9,32703.37,12008.93,11799.07,6740.43,26823.76,65869696.5,21971106.09,25332295.03,42901013.58,0.0,0.0,0.0,163110.64,236,2024-29,2024-07
236,19459.79,11242.98,100988.03,19189.72,12708.71,16546.14,5599.81,28505.45,81410601.76,41013383.5,87933017.1,17084591.02,0.0,0.0,0.0,157718.96,237,2024-30,2024-08
237,111916.28,44620.43,372666.95,63823.63,49627.03,60945.85,21976.68,94458.64,289328488.31,61126155.21,293566318.65,85335698.77,0.0,0.0,0.0,589891.78,238,2024-31,2024-08
238,139788.86,48816.11,476616.68,90187.2,61502.53,109461.87,24466.97,74798.58,31021480.79,164856.59,54961726.76,49995304.83,0.0,0.0,0.0,757618.63,239,2024-32,2024-08
239,45458.55,21964.81,88880.62,38147.53,25377.25,32740.1,9389.59,43736.11,109446613.04,29580516.83,87216398.14,47562162.18,0.0,0.0,0.0,328955.88,240,2024-33,2024-08
240,115195.63,31008.12,262065.35,79058.34,54436.6,50372.57,18105.33,128424.05,188558831.24,118642913.94,249288325.09,139117811.27,0.0,0.0,0.0,748863.51,241,2024-35,2024-09
241,78244.43,34808.44,187724.14,63377.11,31790.18,27873.93,15245.23,57193.4,50119557.01,27480861.94,66762790.37,30803043.55,0.0,0.0,0.0,459088.58,242,2024-36,2024-09
242,98842.48,47664.09,298215.18,92424.87,40913.85,77610.14,22186.86,86830.23,226744154.42,90799385.91,186673870.5,111627635.82,0.0,0.0,0.0,775772.54,243,2024-37,2024-09
243,56304.14,19904.0,166673.86,46852.38,33802.92,40944.47,12982.34,27874.95,216699405.62,66360903.97,170814432.87,130157916.27,0.0,0.0,0.0,441311.38,244,2024-38,2024-09
244,97854.84,33297.23,172742.9,42144.41,27543.65,33820.24,14529.0,45971.9,208975807.74,84709765.3,158714056.47,129863528.67,0.0,0.0,0.0,535056.03,245,2024-39,2024-10
245,13348.77,16367.87,49352.56,20376.95,6139.14,9414.9,3159.14,20701.24,16132856.57,16289277.28,26420017.24,16003095.2,0.0,0.0,0.0,166925.21,246,2024-40,2024-10
246,56012.15,44687.98,220032.58,46449.54,40468.82,36534.37,23636.08,141054.27,226560572.07,87888452.06,134445844.11,135307158.94,0.0,0.0,0.0,691388.12,247,2024-41,2024-10
247,83449.87,33422.36,231687.43,84221.28,53393.83,42850.29,15155.57,79807.37,258831615.26,171365752.4,353045656.22,221482893.69,0.0,0.0,0.0,538037.07,248,2024-42,2024-10
248,34352.59,14799.15,52820.14,25395.28,12433.64,30306.97,2502.79,26600.41,117404120.72,45821024.79,119175685.94,90700500.1,0.0,0.0,0.0,183108.24,249,2024-43,2024-10
249,10284.63,35768.65,51373.22,14571.94,9934.84,14856.18,3542.12,59169.35,17051782.97,10875291.13,66072246.6,898942.34,0.0,0.0,0.0,190687.97,250,2024-44,2024-11
250,31160.54,37439.68,94202.54,42387.0,9874.42,37079.99,9522.66,41157.23,146252050.09,21431707.67,128512926.63,78232889.47,0.0,0.0,0.0,226748.0,251,2024-45,2024-11
251,122138.93,48186.82,185906.7,51135.95,46735.28,81111.73,20659.41,101310.71,694155082.98,95281230.04,352389586.26,168261627.18,0.0,0.0,0.0,363873.03,252,2024-46,2024-11
252,111549.48,70443.78,253317.92,97972.67,50489.05,43880.18,29133.32,68942.34,218083243.59,115146587.66,266925541.71,116068393.03,0.0,0.0,0.0,399160.63,253,2024-47,2024-11
253,104425.19,63441.21,423266.24,60256.19,58628.53,62594.36,16237.24,116113.91,58033523.26,24061433.81,86014659.83,30840553.85,0.0,0.0,0.0,371801.31,254,2024-48,2024-12
254,69439.48,59187.84,374510.98,93028.56,58745.56,83933.87,15791.1,66618.79,522345917.7,74190028.06,181641423.65,173564318.53,0.0,0.0,0.0,363751.96,255,2024-49,2024-12
255,36108.05,20142.15,149171.25,62277.47,24554.25,60926.37,6526.86,16403.15,367736249.28,112831540.09,282995425.99,146364278.36,0.0,0.0,0.0,149110.18,256,2024-50,2024-12
256,94845.2,37698.08,169795.68,55102.46,30522.33,34705.98,10786.93,103425.02,331871524.59,170712450.45,251435408.5,161899209.93,0.0,0.0,0.0,282601.13,257,2024-51,2024-12
257,53315.95,6086.67,96175.6,59717.66,13823.11,34682.89,8325.03,46504.48,149601669.47,76601117.71,84209777.23,116383641.51,0.0,0.0,0.0,163193.68,258,2025-01,2025-01
258,119480.9,40786.79,37824.42,106243.81,4448.64,33039.91,13054.67,80803.73,576818284.05,159226528.3,288988841.8,350518106.64,0.0,0.0,0.0,310890.34,259,2025-02,2025-01
259,23969.79,19197.4,55404.68,61935.56,10265.55,23697.88,1701.45,25913.9,116337259.2,25525715.47,116901733.47,328757.21,0.0,0.0,0.0,98026.0,260,2025-03,2025-01
260,13770.65,7912.15,76629.09,9988.41,23852.55,2063.23,7747.42,0.0,17022468.82,-6327416.84,10538727.69,56918516.7,0.0,0.0,0.0,88421.51,261,2025-04,2025-01
261,35353.68,71869.63,311425.92,65932.53,47336.31,48201.57,18221.25,71932.77,248486533.02,76084404.26,186230538.57,276804258.36,0.0,0.0,0.0,403423.61,262,2025-05,2025-02
262,48464.5,36978.03,158694.94,32923.83,23753.93,61967.54,6442.87,65993.65,403332015.23,179968455.27,195424107.87,205360118.16,0.0,0.0,0.0,303663.23,263,2025-06,2025-02
263,94827.13,49426.78,283220.27,90408.54,42657.47,59385.03,16175.97,109429.86,660878115.21,193643522.31,213817120.87,227576284.19,0.0,0.0,0.0,464957.45,264,2025-07,2025-02
264,211811.45,69001.37,195032.0,139883.21,52010.65,155864.17,25365.27,164819.86,221879688.5,73223133.25,14757143.26,133879768.64,0.0,0.0,0.0,745213.01,265,2025-08,2025-02
265,91011.25,24967.27,112738.02,55378.61,34044.9,74657.71,17073.27,71033.24,339763309.44,91828956.08,87889693.49,66073033.89,0.0,0.0,0.0,383680.36,266,2025-09,2025-03
266,156581.44,129989.28,378144.44,194246.97,86118.8,180641.82,42512.67,151136.15,1455848551.73,596764130.22,977220912.55,599153178.74,0.0,0.0,0.0,1094003.01,267,2025-10,2025-03
267,8143.7,35186.69,28910.91,41438.97,13051.45,27429.56,3665.93,30797.28,172139744.92,45615888.64,178958400.52,35166280.93,0.0,0.0,0.0,176618.27,268,2025-11,2025-03
268,124471.19,68151.79,331616.22,183804.16,33737.28,88564.14,17806.68,141561.06,53285299.01,43188614.92,97559109.36,50288660.8,0.0,0.0,0.0,528481.31,269,2025-12,2025-03
269,55191.52,56145.93,109765.68,127543.57,17229.89,157664.78,29108.52,172671.82,579019716.63,77813599.51,344601826.5,238735582.73,0.0,0.0,0.0,451464.63,270,2025-13,2025-04
270,244132.27,105665.0,464182.02,249202.8,61143.92,170798.87,48456.53,158930.59,2201007317.16,390372477.9,868112343.94,841118994.39,0.0,0.0,0.0,810239.04,271,2025-14,2025-04
271,278066.21,119901.07,569029.98,114884.23,60955.73,160383.37,40715.81,246637.27,1516886270.76,338480369.41,417057317.28,397044865.26,0.0,0.0,0.0,716353.89,272,2025-15,2025-04
272,132645.47,66048.39,452525.96,73767.66,41123.1,84826.87,19391.45,148295.29,108626344.04,49822798.92,108354148.14,167717089.96,0.0,0.0,0.0,358331.98,273,2025-16,2025-04
273,164853.33,93701.93,281997.95,141000.82,56563.5,99784.38,25315.28,198173.39,629075704.9,189793842.31,397476784.27,307426931.22,0.0,0.0,0.0,604775.7,274,2025-17,2025-04
274,13460.52,21966.92,97343.58,92579.01,21122.56,14812.32,6854.94,44502.05,495793595.25,180334908.93,373556377.06,216956095.82,0.0,0.0,0.0,161249.23,275,2025-18,2025-05
275,13854.35,43682.25,88249.76,41759.37,27172.98,77825.36,7794.11,24827.05,260670801.37,143974259.64,312719429.82,75452485.95,0.0,0.0,0.0,156183.49,276,2025-19,2025-05
276,9655.51,17155.68,0.0,27163.51,7581.54,36316.71,11104.36,11498.15,92088551.36,35993776.69,12916807.7,10923136.09,0.0,0.0,0.0,65395.71,277,2025-20,2025-05
277,220119.73,163218.83,182196.15,159108.58,70032.84,179666.02,21806.99,142788.36,1277983576.64,352289229.67,458827236.69,308297893.99,0.0,0.0,0.0,471119.44,278,2025-21,2025-05
278,25796.56,158.26,204960.18,52434.45,4604.72,14994.71,6345.56,41088.64,488157292.6,74087898.84,111911922.05,211409091.28,0.0,0.0,0.0,71172.35,279,2025-22,2025-06
279,98518.94,23279.45,163446.99,89799.41,36059.2,75475.15,23577.25,90564.97,733532400.73,53359925.73,255685940.57,240401856.66,0.0,0.0,0.0,186263.8,280,2025-23,2025-06
280,121565.01,47810.09,73681.06,76526.59,14652.03,28472.93,17435.28,65920.24,135802785.33,39340088.8,44663286.48,43313726.74,0.0,0.0,0.0,127571.48,281,2025-24,2025-06
281,27319.48,118056.79,191768.93,105581.24,35436.5,76928.42,29111.65,66702.48,573076165.82,193139151.41,177811649.39,207594812.97,0.0,0.0,0.0,257522.0,282,2025-25,2025-06
282,109716.1,120154.62,426830.87,150241.87,62203.46,151698.29,16979.42,147405.84,1391892679.31,547665598.28,736659466.64,605778965.69,0.0,0.0,0.0,332024.12,283,2025-26,2025-07
283,122222.45,68854.04,360023.28,86145.74,42655.46,102722.51,15020.02,146158.08,573486315.64,269421220.84,445786796.34,191161292.52,0.0,0.0,0.0,237867.3,284,2025-27,2025-07
284,224655.67,102507.01,549372.33,125130.4,48779.25,133341.61,26407.84,91494.31,132308111.03,59089238.37,273590093.62,45864765.53,0.0,0.0,0.0,420464.76,285,2025-28,2025-07
285,311437.89,96170.06,1052985.16,311542.82,80423.17,227321.67,33765.23,107760.16,1191981992.82,378470924.83,755218893.51,572735332.14,0.0,0.0,0.0,665680.18,286,2025-29,2025-07
286,258094.3,75281.2,1018271.66,226879.29,88630.97,278287.73,22758.65,160595.3,2752966900.83,707692159.84,785563749.33,1188199855.5,0.0,0.0,0.0,706178.81,287,2025-30,2025-07
287,295489.55,110652.01,551278.41,154570.67,21445.44,128654.33,19157.04,91424.45,2023275404.16,380651845.39,597371890.81,361734359.12,0.0,0.0,0.0,492022.43,288,2025-31,2025-08
288,227049.45,46496.84,300366.76,172380.27,63291.61,175921.3,8705.22,63074.0,631881572.21,77712402.98,-27754896.2,180018895.49,0.0,0.0,0.0,451145.83,289,2025-32,2025-08
289,185734.77,86051.26,746277.18,174487.43,42492.49,272730.81,15974.78,118765.99,1718437438.92,297712339.17,623636241.28,455583539.48,0.0,0.0,0.0,608686.55,290,2025-33,2025-08
290,63797.23,38064.78,88397.25,35841.5,0.0,48843.06,8019.18,27291.85,531660440.92,6628990.13,288928572.91,105879676.48,0.0,0.0,0.0,130155.37,291,2025-34,2025-08
291,188479.41,59459.54,279186.2,33902.49,17297.99,93533.37,18843.87,37401.14,1091455174.62,50101058.98,561656180.14,134597479.33,0.0,0.0,0.0,320551.42,292,2025-35,2025-09
292,386250.65,177535.77,971069.7,260310.95,83297.39,124738.11,49459.57,226413.15,297936675.1,517480335.88,256344481.14,100247492.79,0.0,0.0,0.0,869339.44,293,2025-36,2025-09
293,514718.29,225715.6,1192600.94,425705.66,151175.95,298858.53,74087.93,324670.52,1938768635.89,2000705298.21,1326720092.35,1339766060.63,0.0,0.0,0.0,1145355.64,294,2025-37,2025-09
294,323206.0,274784.87,1095701.61,535605.89,160636.38,276584.69,55241.64,426073.97,3064314618.39,3022608811.98,3154445521.93,2645061312.6,0.0,0.0,0.0,1101609.08,295,2025-38,2025-09
295,188189.7,108350.68,732644.48,74916.2,86162.94,77665.0,29201.19,254081.58,1470958762.6,613212363.58,1057549182.75,698694377.34,0.0,0.0,0.0,393850.25,296,2025-39,2025-10
296,237235.91,111872.48,658551.64,173186.51,73699.21,183154.53,31740.73,244609.23,936636506.35,219500902.87,124203698.02,301721851.46,0.0,0.0,0.0,458136.05,297,2025-40,2025-10
297,234459.48,16649.11,758206.0,145789.47,37126.32,98712.54,19957.95,110275.12,822342462.63,278415351.36,462420490.82,237698263.72,0.0,0.0,0.0,247890.52,298,2025-41,2025-10
298,52802.88,51151.03,453736.52,240242.9,17615.25,116705.78,12974.6,105258.31,1935137653.66,453676179.67,884666877.68,677422711.57,0.0,0.0,0.0,255161.27,299,2025-42,2025-10
299,288450.06,201049.43,794595.19,83411.14,50532.21,134418.17,39830.93,141927.8,1458972338.41,901381542.99,1750594065.17,870011791.51,0.0,0.0,0.0,380837.72,300,2025-43,2025-10
300,434708.58,165508.2,665103.05,260229.37,57059.84,141168.32,34200.66,198449.93,494692228.37,120763752.69,661455955.25,-48623611.13,0.0,0.0,0.0,294252.23,301,2025-44,2025-11
301,449966.43,121672.49,1328646.07,522568.64,123543.71,399887.05,36393.5,155876.07,2117180069.22,721304804.05,1573203891.46,920230670.72,0.0,0.0,0.0,394770.03,302,2025-45,2025-11
302,229148.23,77255.63,346750.93,429548.67,86871.2,200664.97,33702.4,119553.03,2261064903.59,538984706.29,1794209312.75,1366894216.02,0.0,0.0,0.0,263106.23,303,2025-46,2025-11
303,242772.58,121645.29,454374.32,83013.78,72216.64,178702.0,27927.28,29722.46,872457436.98,362382989.52,574636100.81,252680364.84,0.0,0.0,0.0,200035.51,304,2025-47,2025-11
304,463659.27,206286.19,950327.51,279596.6,94627.14,241960.99,40158.09,259967.67,704088328.79,365794998.85,647727688.8,556954991.4,0.0,0.0,0.0,543587.8,305,2025-48,2025-12
305,138432.3,137324.44,708670.29,156143.02,85397.46,198280.47,17759.85,154019.52,2143450236.21,458190504.46,261949222.59,620530551.62,0.0,0.0,0.0,292268.9,306,2025-49,2025-12
306,179624.4,162471.63,641785.65,320880.39,69277.66,118993.17,6080.92,181689.0,4016404577.27,599226173.7,1191778204.96,1937423417.73,0.0,0.0,0.0,281488.18,307,2025-50,2025-12
307,197098.63,107844.51,635860.92,268064.14,55833.15,78724.94,7531.6,220422.74,2452993755.18,623024473.39,818210506.25,1588849272.52,0.0,0.0,0.0,301112.36,308,2025-51,2025-12
308,853506.11,382015.38,2073909.59,1063722.65,229140.45,492567.63,80212.43,606427.64,799220464.0,312723025.64,349714600.69,660371762.53,0.0,0.0,0.0,1145338.39,309,2026-00,2026-01
309,147800.65,39629.71,292686.14,45977.2,40507.75,26287.62,18819.3,86244.94,525202195.44,182207869.8,216124745.21,448688177.81,0.0,0.0,0.0,134312.34,310,2026-01,2026-01
310,467778.69,258131.66,1655032.62,461955.22,129160.34,237157.14,45917.37,388380.16,8439814422.79,3503350038.36,2154770072.97,4350490507.86,0.0,0.0,0.0,851706.68,311,2026-02,2026-01
311,404528.01,302733.02,1948080.97,473575.65,168835.99,365468.88,52096.87,360590.05,6154285754.03,3286636023.83,1976836713.43,3357204762.77,0.0,0.0,0.0,837465.29,312,2026-03,2026-01
312,430008.84,237257.42,1649222.62,342545.74,209979.85,308379.64,57220.78,390582.57,972085585.18,355036815.38,833144755.2,291833497.05,0.0,0.0,0.0,791968.31,313,2026-04,2026-01
313,310669.05,86925.05,883955.64,150852.07,97962.18,194892.03,31880.17,224582.15,1472376002.2,338203880.46,744237788.17,740907306.07,0.0,0.0,0.0,331918.13,314,2026-05,2026-02
314,315142.52,94588.46,1002087.58,251553.17,36507.37,218747.27,23751.18,127140.75,3265555770.26,278107396.41,2042116457.0,1349150650.32,0.0,0.0,0.0,346787.3,315,2026-06,2026-02
315,205174.64,59848.22,1040519.93,108339.94,59054.46,178563.22,3003.64,144468.66,2700392886.12,898345264.83,987962251.4,709895334.77,0.0,0.0,0.0,247817.12,316,2026-07,2026-02
316,211575.78,41446.93,155598.91,112259.28,94500.09,49810.51,30305.6,97356.2,1918225368.02,-24222652.45,581764613.94,-30856073.96,0.0,0.0,0.0,374589.95,317,2026-08,2026-02
317,532190.76,107986.0,1036171.04,514593.49,111375.5,257721.79,49070.69,226983.75,1893476296.64,1701971743.03,1153738724.23,1292020725.62,0.0,0.0,0.0,625147.95,318,2026-09,2026-03
318,639803.09,313515.91,1747042.16,687839.91,90345.21,288037.0,67199.87,438415.02,6988795847.61,6506914115.85,3403984560.83,4612583635.58,0.0,0.0,0.0,720155.26,319,2026-10,2026-03
319,450789.59,223920.17,989716.78,563033.34,111343.62,306746.29,46227.46,197446.26,4621635645.35,2157081980.72,1196674687.13,1425432841.22,0.0,0.0,0.0,499505.48,320,2026-11,2026-03
320,568194.11,348526.85,1600048.66,856885.83,234659.84,368408.45,37489.99,329539.51,2882287640.18,625775473.04,285312668.49,1013691688.7,0.0,0.0,0.0,712502.96,321,2026-12,2026-03
321,438622.69,267786.24,999704.07,343350.99,123958.43,224176.65,49070.15,192513.68,3147023035.72,841353595.18,1712860718.89,1862311917.81,0.0,0.0,0.0,376242.8,322,2026-13,2026-04
322,342847.14,127554.14,975313.54,219874.87,98260.15,304744.28,23008.22,92678.41,3834953796.39,1641118506.35,1664915307.2,1922665318.26,0.0,0.0,0.0,265855.17,323,2026-14,2026-04
323,1147299.22,355447.71,2727105.48,955042.7,164900.43,919673.19,116521.18,391207.74,9467835483.2,4288399861.77,5859499451.86,5790158199.61,0.0,0.0,0.0,953215.87,324,2026-15,2026-04
324,298878.2,98152.93,960886.75,680295.35,38389.95,251516.89,40621.49,230342.33,1844839739.61,714741196.23,817247175.43,1009861956.62,0.0,0.0,0.0,292860.75,325,2026-16,2026-04
325,79404.22,34950.31,270061.95,352718.65,4787.46,65773.64,0.0,104002.53,2359522440.02,1122800656.89,392394862.02,39104075.78,0.0,0.0,0.0,111140.25,326,2026-17,2026-04
326,146517.08,24562.93,786810.52,146365.19,21707.85,75130.61,16977.96,94333.72,4797249766.5,2297948049.12,1452364270.3,1447549584.33,0.0,0.0,0.0,174219.82,327,2026-18,2026-05
327,25777.44,2859.59,33320.52,9519.69,51180.45,59802.09,4705.21,60804.6,1275967894.53,598580490.14,174786483.19,641719400.13,0.0,0.0,0.0,66188.34,328,2026-19,2026-05
328,498582.71,140483.62,1367222.09,524061.29,288902.22,557855.51,109807.07,291717.28,1461027660.7,702402649.4,974544498.43,815640790.54,0.0,0.0,0.0,532034.93,329,2026-20,2026-05
329,223542.0,106769.53,650602.69,355350.86,73941.36,196324.35,605.22,214695.73,3287278269.24,1520449883.98,2336937494.35,1368932111.82,0.0,0.0,0.0,230032.42,330,2026-21,2026-05
330,397375.4,258776.17,2101504.37,515661.13,229709.54,461768.85,56363.23,220431.38,17278012458.0,6413391771.62,6867809565.69,8316075880.65,0.0,0.0,0.0,468725.13,331,2026-22,2026-06
331,438282.34,206459.58,2810161.01,109839.36,118624.76,252699.45,41808.72,162389.69,4363054135.46,1191815682.75,2387139958.37,3478263616.2,0.0,0.0,0.0,313404.58,332,2026-23,2026-06
332,223111.15,80676.26,1654161.35,244280.12,55789.93,170446.64,26403.43,197782.29,2507116234.14,-293166373.52,740961886.18,58823239.19,0.0,0.0,0.0,203260.75,333,2026-24,2026-06
333,595189.91,164640.38,1368942.46,567043.8,149092.55,279790.66,44369.52,406658.14,6703840141.0,1826930174.99,2284884754.65,1778244818.0,0.0,0.0,0.0,477634.59,334,2026-25,2026-06
334,734262.47,228518.66,2515189.07,892345.42,214858.92,672598.13,171482.3,618549.87,24735626479.78,9903384716.53,9401142584.51,6639436857.17,0.0,0.0,0.0,743527.11,335,2026-26,2026-07
335,392373.86,213150.2,2691371.73,452635.82,146522.77,115372.81,87996.72,541369.06,7695645278.68,3714357237.99,4058800506.79,4639546608.49,0.0,0.0,0.0,515492.56,336,2026-27,2026-07
336,563736.09,159827.37,2991000.21,619892.42,104200.08,359632.81,120413.84,568363.49,1527079697.41,2076808795.25,965989943.88,1309393683.3,0.0,0.0,0.0,602703.35,337,2026-28,2026-07
337,674998.48,319291.42,2724177.82,723518.79,129092.64,1004957.53,165283.64,323334.09,12557837662.48,5356687957.43,3825391421.85,2177603374.93,0.0,0.0,0.0,856820.65,338,2026-29,2026-07
338,593428.25,316328.85,2232249.29,833754.65,136435.37,181462.07,88277.07,371371.38,18260179841.7,12527880131.02,8758569873.06,5284253398.58,0.0,0.0,0.0,697657.61,339,2026-30,2026-07
339,124589.18,106574.4,2037312.79,886765.34,182814.24,130022.08,35498.66,258768.07,1764127026.89,6188366060.58,2871137651.38,1238420370.21,0.0,0.0,0.0,424276.99,340,2026-31,2026-08
340,775602.87,323545.49,4967360.01,1813076.22,558746.53,763549.72,233934.69,757825.36,2421078537.14,1969320277.95,1635747918.59,1841059284.36,0.0,0.0,0.0,1317318.42,341,2026-32,2026-08
341,132419.53,66224.53,966431.5,82581.84,20979.46,289307.88,47273.76,95117.63,4301973106.9,1985728551.81,1507678228.03,642289273.13,0.0,0.0,0.0,170915.03,342,2026-33,2026-08
342,888155.53,320836.84,4895683.8,1209951.2,123514.94,1181269.48,174149.32,864092.19,44119085427.56,13403960519.29,15500884838.04,11345505148.49,0.0,0.0,0.0,797021.71,343,2026-34,2026-08
343,441624.82,172300.38,1695450.42,509147.6,218615.26,615769.32,89025.57,480649.69,8093493998.86,3990274250.61,4228922610.64,4952402782.17,0.0,0.0,0.0,466101.17,344,2026-35,2026-09
344,675075.69,473444.48,3915601.49,1386189.58,383233.17,920860.28,129352.37,931222.05,6451464491.63,2866295531.39,3644335261.99,2743529287.56,0.0,0.0,0.0,822617.69,345,2026-36,2026-09
345,485371.42,135514.7,1381299.91,497317.77,72915.05,525851.18,94099.07,291892.01,6740139731.29,3392177726.51,160203719.23,5430790454.75,0.0,0.0,0.0,395310.33,346,2026-37,2026-09
346,200754.97,61274.88,0.0,155847.2,107633.46,207388.22,25497.19,87658.48,7911076990.66,3457106639.94,2950270252.41,2672837807.72,0.0,0.0,0.0,109608.86,347,2026-38,2026-09
347,585341.36,300245.66,2564263.75,1433119.27,271327.82,714522.64,147040.72,249044.17,17760131011.83,6226463007.18,5445539427.72,8433385473.06,0.0,0.0,0.0,487150.99,348,2026-39,2026-10
348,508038.35,246322.18,4038736.16,1524806.82,321727.19,823483.36,161454.38,438504.11,9626305563.36,3861207827.26,3354475967.2,1082505123.98,0.0,0.0,0.0,626957.92,349,2026-40,2026-10
349,471492.36,198872.09,1360002.89,940074.46,94618.32,308379.89,48241.66,185029.84,8789585072.35,4493271804.26,1068082068.0,3482506807.71,0.0,0.0,0.0,264497.77,350,2026-41,2026-10
350,363841.08,270632.49,2509194.84,957626.53,97171.99,356254.91,91333.16,257101.79,15259585380.84,5052341414.6,7056939307.6,11902645327.17,0.0,0.0,0.0,305931.66,351,2026-42,2026-10
351,434870.96,131952.36,803545.67,762666.41,82845.15,489794.43,139545.06,318851.8,13367255139.39,3821488583.66,4980074415.04,3604384434.44,0.0,0.0,0.0,246922.08,352,2026-43,2026-10
352,514303.97,105909.95,1546881.35,707089.4,224637.27,205112.21,174899.89,435016.62,-5019230710.01,3449714103.67,901934867.55,1171443767.6,0.0,0.0,0.0,305391.69,353,2026-44,2026-11
353,403785.34,174317.98,1161500.14,794790.74,173281.66,578534.51,59729.18,270989.31,4154532826.0,2205795911.51,4273660412.53,2277323637.88,0.0,0.0,0.0,269481.7,354,2026-45,2026-11
354,653446.53,278000.98,4165672.2,1300049.96,168148.08,888140.01,95442.44,716898.7,36054318838.54,7447086809.92,9489438667.12,17667895623.28,0.0,0.0,0.0,420891.7,355,2026-46,2026-11
355,233662.69,281757.26,2783870.68,758134.94,243761.5,651711.74,143510.36,394085.07,30323135693.25,6169835871.19,4235625254.4,8679956851.27,0.0,0.0,0.0,428180.78,356,2026-47,2026-11
356,684108.79,533661.67,6555151.14,1050095.75,506762.07,1847044.85,265856.25,696322.43,5455633202.17,4295475879.37,974698652.14,6165374185.36,0.0,0.0,0.0,865915.64,357,2026-48,2026-12
357,1213747.75,487972.68,4652921.35,1312843.18,519913.59,1913800.02,187402.58,1018131.56,31176774242.02,8838143898.02,10473169609.17,18437272196.98,0.0,0.0,0.0,837404.99,358,2026-49,2026-12
358,835614.58,340731.82,4312273.07,1343766.69,501283.28,897346.26,126033.23,875204.3,27544955631.34,23235545194.09,14078549100.15,19370297402.37,0.0,0.0,0.0,709674.61,359,2026-50,2026-12
359,1135059.14,351402.22,5895758.82,1227416.26,568634.03,1040730.41,253146.62,680357.41,41357683865.35,15001888372.02,7154762572.79,17387500384.87,0.0,0.0,0.0,864680.97,360,2026-51,2026-12
360,351771.17,277826.46,4216253.7,1047077.67,663665.79,1395784.44,210269.51,586956.43,7860561881.06,5352944674.31,2053421432.6,543068464.23,0.0,0.0,0.0,849319.01,361,2026-52,2026-12
361,102564.98,18274.13,1436204.36,285844.33,77917.95,284998.01,52424.84,155396.49,953903263.35,2795327974.01,0.0,2763385818.77,0.0,0.0,0.0,151271.05,362,2027-01,2027-01
362,609137.53,207053.26,3125957.08,806744.57,437552.64,717665.77,168286.81,565964.56,46262036078.52,18945037376.86,7757692848.9,36912090240.13,0.0,0.0,0.0,720546.81,363,2027-02,2027-01
363,1471462.64,445261.63,7280856.75,1674819.24,453983.48,1012658.29,259024.44,1079876.42,54162836907.77,27308537295.96,8613836457.83,21246693929.74,0.0,0.0,0.0,1176669.26,364,2027-03,2027-01
364,1341051.56,39044.94,4433881.38,604079.92,358405.33,1258764.86,94637.29,179591.72,13263247279.58,-62007298.5,597845749.72,-609024723.68,0.0,0.0,0.0,500426.44,365,2027-04,2027-01
365,1012625.6,229768.33,3772426.01,535951.67,403169.83,798757.11,66532.63,806478.97,17837318268.21,6151692697.7,5031597830.78,11239633530.23,0.0,0.0,0.0,576249.31,366,2027-05,2027-02
366,164735.62,65724.37,575071.96,340873.52,59741.55,145529.22,22974.49,124121.97,6180393494.0,2937093540.05,3148012458.72,10894699023.06,0.0,0.0,0.0,142254.12,367,2027-06,2027-02
367,955121.79,446347.81,2509610.31,1073333.02,424572.12,1148720.63,122593.25,561519.77,45918723439.69,19431748519.64,9080301455.61,33616194287.98,0.0,0.0,0.0,727717.04,368,2027-07,2027-02
368,597702.24,331788.78,935218.12,325852.53,226416.95,512104.59,144708.68,383248.69,6911978791.51,401299768.68,1770877642.49,1144892034.22,0.0,0.0,0.0,396378.74,369,2027-08,2027-02
369,699178.82,260802.14,2702851.19,560696.89,250430.62,495673.28,82653.35,371221.27,19975395970.91,15697650358.83,5107889359.34,9485202661.58,0.0,0.0,0.0,345452.26,370,2027-09,2027-03
370,555358.86,410388.44,3656124.84,716742.03,615190.1,1072574.31,37946.42,597240.28,21870426001.17,28976699763.34,10003785543.87,48750008226.07,0.0,0.0,0.0,367613.79,371,2027-10,2027-03
371,643742.13,406507.06,2842401.77,311664.58,205919.78,556303.17,28732.21,86853.37,5059307659.11,13118961382.38,1951486700.17,28604208186.67,0.0,0.0,0.0,251197.96,372,2027-11,2027-03
372,274567.03,42736.7,638672.95,233348.38,167652.36,597571.54,10375.97,44193.64,5127154513.4,982745821.51,289443970.34,6844373857.69,0.0,0.0,0.0,159952.09,373,2027-12,2027-03
373,578055.31,84284.92,3090228.1,642713.32,292878.08,1080946.29,93621.84,348187.5,31002679649.73,11730064018.26,1079749460.28,16413086227.92,0.0,0.0,0.0,256164.82,374,2027-13,2027-04
374,942458.82,445226.31,6373185.52,2072453.48,688536.52,1701742.37,259605.29,948065.19,109761774672.78,55049126934.41,16029486508.76,67202370622.98,0.0,0.0,0.0,595766.58,375,2027-14,2027-04
375,644123.43,235534.64,4046223.76,223681.08,225117.11,963627.13,73008.16,778865.51,32326619094.84,16802493093.0,1553467082.16,21788015903.68,0.0,0.0,0.0,264166.65,376,2027-15,2027-04
376,568090.0,221787.57,457088.7,815675.94,212503.94,606226.83,159422.57,625939.22,9468650316.55,-20326617.54,448350646.41,5494900781.81,0.0,0.0,0.0,222767.47,377,2027-16,2027-04
377,1293577.92,247602.93,1515313.65,1151342.41,169621.23,168690.64,91943.46,503130.2,9714149434.67,4677555848.59,7893911169.28,21998943854.22,0.0,0.0,0.0,256803.9,378,2027-17,2027-04
378,1233545.62,539828.08,2026194.07,781457.87,373782.83,778917.74,149013.48,175369.28,50845970937.82,16052892495.0,7321932634.26,48125379790.62,0.0,0.0,0.0,394348.99,379,2027-18,2027-05
379,2170700.44,1423900.59,10043324.15,2550399.73,1014571.88,2668450.58,505045.07,1744803.11,80166704698.43,45244206007.83,18831136920.5,53736548753.1,0.0,0.0,0.0,1090854.8,380,2027-19,2027-05
380,708788.9,278603.39,6001886.54,1039949.83,299095.13,780790.88,127330.28,660555.49,6798816528.49,-305354086.76,1009186352.24,3401364766.5,0.0,0.0,0.0,394337.94,381,2027-20,2027-05
381,809354.27,454500.27,3637670.88,1421152.9,112337.26,1135246.15,104028.85,69258.81,32980394644.24,24084288356.26,9644791406.29,12240918181.04,0.0,0.0,0.0,480341.26,382,2027-21,2027-05
382,1709932.21,731379.45,7097911.83,1819844.05,369028.84,1199828.28,201605.85,512050.58,95214355260.97,70138866437.17,15611702728.49,65268854926.78,0.0,0.0,0.0,715842.29,383,2027-22,2027-06
383,86994.47,202960.02,3226671.83,628724.84,172248.89,678476.22,80042.47,511049.48,44214539592.03,26065739627.35,5905630177.97,5308826263.94,0.0,0.0,0.0,356381.39,384,2027-23,2027-06
384,1260084.11,462871.9,4136634.48,2537907.58,447113.64,525990.93,160872.35,762102.26,12242048417.03,2544601035.58,5029840688.22,7588491501.68,0.0,0.0,0.0,668167.83,385,2027-24,2027-06
385,1119197.03,237860.51,3270458.35,1502884.38,215029.4,807480.31,156666.22,162928.96,47871780524.31,18595334345.41,5358838959.0,45778996292.32,0.0,0.0,0.0,510424.91,386,2027-25,2027-06
386,1465058.4,674168.62,4363838.85,1344736.75,335083.95,1311622.55,182812.98,729577.96,101091092077.32,24599161146.81,25545446060.47,96645509381.13,0.0,0.0,0.0,630346.81,387,2027-26,2027-07
387,555450.8,456319.97,3484346.17,587885.67,35405.44,743242.17,60240.58,863489.98,16122607813.44,8016249898.45,7242431565.41,45904248253.29,0.0,0.0,0.0,260482.76,388,2027-27,2027-07
388,2663060.56,1395341.68,11307543.63,2652138.92,706491.36,2815161.89,319881.93,2868344.26,28250145317.91,-7946736532.9,3253477173.24,-5466538337.4,0.0,0.0,0.0,1158411.99,389,2027-28,2027-07
389,1520006.8,574231.8,9308413.61,1182495.5,275009.21,1233768.4,215899.31,1365322.57,39776239548.1,24495270557.89,7993919965.9,38345910554.86,0.0,0.0,0.0,562751.29,390,2027-29,2027-07
390,2133410.45,825381.24,14979993.77,2027745.44,546608.71,2767755.84,286117.56,1998264.65,148610334427.21,97093474224.68,61656581246.96,288086936053.09,0.0,0.0,0.0,1058533.25,391,2027-30,2027-07
391,1359723.76,507368.79,5609636.69,794029.02,376820.71,1067341.45,127642.11,785063.51,45189027379.18,30321610778.34,20798074510.09,103096698895.52,0.0,0.0,0.0,527621.04,392,2027-31,2027-08
392,1744993.56,374969.87,7451714.98,1250644.66,601680.05,1361860.44,141145.28,280563.52,8933129290.86,10452473560.44,3782231940.24,22669881069.95,0.0,0.0,0.0,420142.31,393,2027-32,2027-08
393,258075.38,354036.77,5851704.78,1023237.42,240169.07,482526.4,71923.75,645732.38,13012865064.38,13844471753.96,12671231933.32,62903073248.37,0.0,0.0,0.0,295563.24,394,2027-33,2027-08
394,995966.89,52214.17,2036840.74,12944.38,241605.12,900766.95,38873.3,524424.98,7700743865.68,31555208116.68,22406616203.35,70545759445.12,0.0,0.0,0.0,152911.16,395,2027-34,2027-08
395,669503.97,137326.04,2761682.85,528249.63,0.0,471073.39,51686.95,257293.37,4841971647.55,35175541158.0,735704336.61,72726026359.08,0.0,0.0,0.0,155368.11,396,2027-35,2027-09
396,1313073.38,476179.45,9016422.75,1700224.39,393773.33,2132033.85,140288.52,1559143.3,31397183438.36,29181915877.07,918967577.9,30964282124.26,0.0,0.0,0.0,425810.3,397,2027-36,2027-09
397,2417337.2,1230751.9,10567623.74,2181758.84,991787.57,1734933.05,319327.65,2537946.44,130104694853.03,50009725228.18,27216310274.8,110706622416.62,0.0,0.0,0.0,588682.69,398,2027-37,2027-09
398,2093737.98,603073.22,9863320.19,1638906.14,1079297.62,1181864.69,168615.16,1514968.51,105546109605.2,138632539641.4,46858106220.26,86094811522.88,0.0,0.0,0.0,407227.23,399,2027-38,2027-09
399,4136497.69,1718409.06,14424995.16,3530013.82,2172884.78,3213246.99,263735.66,3102787.53,102172868405.45,166858206319.89,81768072063.61,156684596899.94,0.0,0.0,0.0,774725.61,400,2027-39,2027-09
400,1313464.69,589844.61,4456451.38,585165.34,447106.47,551245.07,14394.52,1574712.97,24434999328.65,-2365378945.48,174593353.5,28054888598.16,0.0,0.0,0.0,230290.94,401,2027-40,2027-10
401,2028853.19,1781292.65,8991005.48,1721735.53,638488.47,1728472.21,86534.67,1868599.43,62855383438.51,59736257866.98,35373580582.68,123874403465.05,0.0,0.0,0.0,522785.1,402,2027-41,2027-10
402,3653965.73,1490097.63,12108168.06,2857402.04,1077466.66,4994865.29,348919.35,3209750.56,258047023582.29,236888195132.67,154970549253.95,297952461673.1,0.0,0.0,0.0,850829.92,403,2027-42,2027-10
403,3694570.36,669262.25,9740208.52,2163267.95,1152306.98,2812394.79,384088.57,2027349.45,134651593889.23,99959239775.02,74490380801.19,125851876966.42,0.0,0.0,0.0,718261.56,404,2027-43,2027-10
404,961553.27,606219.38,2096995.27,818253.32,494003.33,954938.59,149400.61,571509.7,-3295398232.93,9346883900.88,6520408699.42,5469945220.08,0.0,0.0,0.0,252722.49,405,2027-44,2027-11
405,1182058.33,1618165.51,14727678.6,2407568.05,1145750.86,2120306.37,541317.67,2290633.85,167490688774.47,72229980488.17,85130955754.39,137888961319.49,0.0,0.0,0.0,941472.19,406,2027-45,2027-11
406,921033.54,446719.41,2964210.16,1309375.6,269441.3,1136368.89,64541.72,276623.99,15014137499.31,103946002245.3,25210700639.19,83736644795.58,0.0,0.0,0.0,285137.44,407,2027-46,2027-11
407,2758977.26,1371738.34,9230603.62,3181554.93,1702490.0,4039664.26,432704.64,2568250.84,132217666803.11,159238152484.8,91741925579.39,141417824730.19,0.0,0.0,0.0,1087582.97,408,2027-47,2027-11
408,2654980.07,725108.31,9039225.0,3669831.93,1843840.57,2211718.13,525769.13,2169781.86,-9271280374.82,52951982248.5,14412656234.67,45508908308.28,0.0,0.0,0.0,1006509.25,409,2027-48,2027-12
409,3090126.45,335667.64,3910588.15,1628431.12,314446.68,1537552.75,165391.23,604279.95,95266880243.23,54268832523.32,61393364479.61,99039173218.7,0.0,0.0,0.0,501434.49,410,2027-49,2027-12
410,2003853.88,600909.0,8362810.3,1416642.02,752846.26,2285261.61,292637.46,798100.04,191410359164.1,209021367006.07,96849951850.44,169973552541.12,0.0,0.0,0.0,675796.79,411,2027-50,2027-12
411,2209060.29,1452535.24,12469302.36,3038237.34,1311739.02,2784851.32,403266.77,2112851.82,152441269540.68,181234817013.47,51488121544.48,194216034342.17,0.0,0.0,0.0,897305.92,412,2027-51,2027-12
412,5766131.82,2490973.85,19499416.53,5512982.5,1774841.51,3463953.83,352032.73,1926860.2,9766082298.49,96565719010.78,8038818789.72,106761032020.26,0.0,0.0,0.0,1316228.05,413,2027-52,2027-12
413,4816840.85,1887404.05,19491273.4,4673581.3,1590188.48,2823432.03,497395.33,2653821.7,238876986632.67,216367551805.58,51794253150.24,353455889290.37,0.0,0.0,0.0,1163775.75,414,2028-01,2028-01
414,2523217.26,914374.28,11455332.0,1107110.89,557667.25,2131280.52,303290.0,1422936.41,236195585882.66,181693741506.01,73448876596.25,237305515445.13,0.0,0.0,0.0,485398.51,415,2028-02,2028-01
415,2480298.45,797883.94,9995902.57,2468726.43,351977.73,2557350.84,66174.31,987900.3,182507990129.15,49568084400.46,44522000507.19,76860789833.16,0.0,0.0,0.0,388164.74,416,2028-03,2028-01
416,0.0,230532.91,3140205.45,374185.77,334304.38,1272950.04,93519.56,342508.74,11979685478.25,1680278633.62,-6516533313.55,-798200448.17,0.0,0.0,0.0,148189.18,417,2028-04,2028-01
417,1488170.84,706315.77,6099555.44,1223747.92,1870063.18,1870132.34,436096.8,2118423.99,50946688757.35,100114363889.56,69909418263.81,48365533971.93,0.0,0.0,0.0,394629.34,418,2028-05,2028-02
418,2753943.47,1028827.31,11261031.21,2308408.59,1339990.37,4088930.68,458604.31,1812616.72,254231681109.8,248714578267.38,198115643119.61,488959532935.06,0.0,0.0,0.0,527077.85,419,2028-06,2028-02
419,3742401.87,449215.56,8076057.43,1746750.12,1047969.71,1193247.13,250477.82,1405276.58,204425024241.44,92233354734.45,102886622665.13,272408117623.33,0.0,0.0,0.0,397938.0,420,2028-07,2028-02
420,699634.47,541821.53,2054264.6,1609059.78,271227.32,703909.7,137596.68,1039745.65,30727517225.86,22147376824.03,947158934.7,38477432196.45,0.0,0.0,0.0,178566.39,421,2028-08,2028-02
421,3215306.61,1843071.92,11858027.29,4224885.37,1754677.05,3881400.17,783728.15,4571632.34,224080957524.87,208397002468.33,95297296726.34,392856986460.67,0.0,0.0,0.0,684551.44,422,2028-09,2028-03
422,5484265.1,369271.15,10706769.05,3477966.97,1791859.75,2632469.01,688736.58,1532256.12,377429182341.64,283255973697.8,164058511777.95,494429946120.14,0.0,0.0,0.0,476178.11,423,2028-10,2028-03
423,11473445.31,2196845.7,30377035.15,9984621.78,3737956.36,8192451.69,947187.26,4362277.07,583363633740.03,319016303712.54,323066681431.07,1121498776001.24,0.0,0.0,0.0,1185621.61,424,2028-11,2028-03
424,2550538.21,991362.55,5096879.98,2162403.53,651831.65,1343580.4,142907.91,1191028.71,-3289904917.88,19201552744.94,9549557376.04,-17558161000.75,0.0,0.0,0.0,252180.06,425,2028-12,2028-03
425,6082193.34,922991.52,7648581.89,4281897.73,1563758.12,3240323.15,323376.33,3951892.81,198971195628.84,121430304765.41,101967540565.29,312361539911.93,0.0,0.0,0.0,482786.29,426,2028-13,2028-03
426,4149854.14,757714.66,13223981.08,3822012.04,1463449.33,4727722.28,187048.84,3013701.7,300855583438.78,479821127458.01,375730677409.66,764724780101.1,0.0,0.0,0.0,643955.25,427,2028-14,2028-04
427,503574.38,201858.27,3038600.21,672801.45,25827.72,211299.91,50937.92,446295.81,3902504542.79,7733221014.18,973768609.42,20128725468.61,0.0,0.0,0.0,108580.22,428,2028-15,2028-04
428,3368015.39,1291003.68,7780647.18,2623347.66,752869.94,1419215.5,132167.77,1669484.42,10608814340.67,51658274286.3,13549429910.29,166052310394.32,0.0,0.0,0.0,388931.4,429,2028-16,2028-04
429,1309019.29,1774949.82,6368103.68,1800681.45,1254930.6,1995305.31,241457.71,718071.21,91706559005.8,73666132762.99,124911784741.24,73215883269.48,0.0,0.0,0.0,480149.71,430,2028-17,2028-04
430,2096311.78,1552040.54,1169800.84,1067963.15,467840.88,440804.78,333477.3,1043190.65,164494575620.38,150288136895.32,89702997395.42,137087783742.58,0.0,0.0,0.0,294218.43,431,2028-18,2028-05
431,12525606.95,4257174.24,30119596.37,5760535.87,3237823.62,6347580.19,1277412.0,6766976.54,887188805329.12,737328126823.87,608684929515.1,1374711856936.98,0.0,0.0,0.0,1578755.67,432,2028-19,2028-05
432,2514351.29,851984.41,8444490.24,3212593.15,764937.88,1580428.98,130381.51,1802573.22,120935810231.89,98203327601.71,96755622019.42,162804003456.22,0.0,0.0,0.0,481713.57,433,2028-20,2028-05
433,2816910.29,1655124.86,21421575.48,2355524.06,1642780.34,3674420.46,529340.46,2908772.49,502008405082.29,297582288561.01,320697478926.49,350935774464.72,0.0,0.0,0.0,801480.58,434,2028-21,2028-05
434,2577046.17,1127510.56,2275671.79,1841295.8,1121143.69,1573845.27,135138.97,196666.33,302818411320.54,229900043497.23,45402885457.69,323643187537.33,0.0,0.0,0.0,294849.4,435,2028-22,2028-05
435,3106934.96,773374.08,6779797.39,2103940.76,709336.99,1966369.21,99823.95,1642300.24,357738351748.28,280069474617.04,152884327015.91,299442946617.7,0.0,0.0,0.0,439549.46,436,2028-23,2028-06
436,7170260.95,2416279.66,18764982.11,4604289.92,1486877.7,5059515.87,271979.52,8914520.68,-55392780692.24,-14471431003.24,38754382006.26,217909024838.28,0.0,0.0,0.0,1020849.6,437,2028-24,2028-06
437,5136146.85,1011243.89,10785983.32,1741925.71,1003593.22,3312214.58,567442.66,6450957.87,188298966285.13,281987820646.59,277074430774.33,179487249884.58,0.0,0.0,0.0,527937.56,438,2028-25,2028-06
438,6458401.21,2326905.52,17651569.23,3609656.9,1246044.02,4837606.1,984733.34,6080453.67,1273149228155.93,1100608594209.31,1348319533425.53,1671950487102.14,0.0,0.0,0.0,1026286.82,439,2028-26,2028-06
439,2292364.49,734448.18,12150783.51,2142614.49,1653229.5,3999197.73,369418.14,2277085.83,428048387201.85,217083248595.49,194987650836.85,547423178493.05,0.0,0.0,0.0,467342.48,440,2028-27,2028-07
440,1536853.44,2691956.39,17162596.74,4521718.2,1917146.81,4426057.41,776517.54,3519137.62,98941252241.51,137463440854.46,105450348482.91,162288236550.55,0.0,0.0,0.0,755102.82,441,2028-28,2028-07
441,4640100.81,3622960.82,30462046.27,6290156.89,3387008.57,4796664.13,730998.93,8515109.38,806778283841.24,610493526973.37,883136753433.07,992387867624.18,0.0,0.0,0.0,910678.69,442,2028-29,2028-07
442,3600936.48,910917.71,4347382.35,146755.82,1039410.38,1277520.11,571249.06,3377843.14,997421031421.54,535020257728.41,442906000266.31,969252725784.05,0.0,0.0,0.0,366234.44,443,2028-30,2028-07
443,10676007.09,2300777.66,20743552.47,4553368.19,2841055.25,7707684.74,1351954.32,5155818.6,1041091593461.28,593473533221.59,544119052833.21,1854595043241.53,0.0,0.0,0.0,753945.0,444,2028-31,2028-08
444,3473432.86,1494280.1,13841156.91,944803.43,1449395.52,2762084.4,662233.09,1266560.37,123027877617.81,51350435034.94,-1268749931.97,46889073375.31,0.0,0.0,0.0,292224.64,445,2028-32,2028-08
445,10422482.97,4034836.79,46049860.85,6873698.1,3526948.53,5872078.86,1334592.89,5542902.32,1390077871099.27,642954984034.36,567981766801.43,1484120330948.77,0.0,0.0,0.0,800873.07,446,2028-33,2028-08
446,13620461.83,2626996.78,13689563.58,10268184.33,4977374.39,7766491.51,1181601.33,5611777.23,2746546702959.47,1993069753381.29,2281172915000.71,3534838975901.04,0.0,0.0,0.0,972314.78,447,2028-34,2028-08
447,9098640.84,1543672.22,6224919.46,3865269.39,2687645.5,3907440.58,406917.55,4091604.87,968838873172.86,494613559831.83,501144007660.87,1093565650327.08,0.0,0.0,0.0,466323.51,448,2028-35,2028-08
448,0.0,301479.72,1694343.45,1226116.61,444669.16,1995340.79,110608.84,966007.0,70991118135.91,105631541353.82,86198544188.44,18754731146.68,0.0,0.0,0.0,98641.63,449,2028-36,2028-09
449,10895033.2,2533179.0,15569174.8,5231082.21,3411424.66,1823370.03,843251.35,5270968.29,874037634666.79,634472157404.4,615560265421.29,1359472531233.4,0.0,0.0,0.0,604516.0,450,2028-37,2028-09
450,21091959.06,3387997.13,21679424.31,5307828.55,3548824.35,6026219.29,762485.39,6001160.35,1750442661159.91,1465102715217.8,1488270341590.96,2839013196301.22,0.0,0.0,0.0,720776.64,451,2028-38,2028-09
451,14149885.65,3350067.43,29543568.9,6978679.92,3451037.81,14022051.94,1208862.58,7603536.16,1641800188102.56,1424966576626.63,499413616750.2,2566421029817.01,0.0,0.0,0.0,1080699.16,452,2028-39,2028-09
452,6999015.63,1597152.14,22711997.03,3116567.17,2768240.63,9485892.56,794057.1,2403068.29,424438389544.91,72355603403.9,245140356798.32,321032200800.24,0.0,0.0,0.0,645172.12,453,2028-40,2028-10
453,10294016.32,2123123.02,19027351.73,6429730.03,1927303.59,10227615.69,462769.8,3794320.69,969848937661.15,624792080646.51,726509374425.14,1143476048592.79,0.0,0.0,0.0,732375.11,454,2028-41,2028-10
454,7536958.32,3469210.23,14895515.59,6861106.97,1604176.8,2186510.38,577119.92,4123280.85,1373323838865.75,1097021458868.44,1183298939718.76,3439196513859.71,0.0,0.0,0.0,600225.21,455,2028-42,2028-10
455,6713514.96,2636289.87,18326533.73,10602397.31,1652639.47,6172104.54,339714.07,5285647.37,860630814138.51,1147733880826.8,964805593232.47,1088902945381.5,0.0,0.0,0.0,756680.83,456,2028-43,2028-10
456,3977925.95,107833.56,12668138.59,4092337.75,436269.88,1270976.05,339785.82,1743084.12,-34657527206.84,119152560430.68,291917842404.41,259419309298.73,0.0,0.0,0.0,295380.17,457,2028-44,2028-11
457,8708179.81,1356791.87,28799360.47,7243367.19,3019061.66,6996230.09,453858.16,2614136.62,1007686020612.71,334421801359.44,267074560485.63,1884943795592.02,0.0,0.0,0.0,537613.58,458,2028-45,2028-11
458,7506085.02,3385957.94,18094962.93,5193206.18,2920227.87,15560865.11,739265.39,4256594.03,1946193943122.3,1635819052301.15,1265009274499.71,3443408133602.8,0.0,0.0,0.0,791617.85,459,2028-46,2028-11
459,1624080.95,1251776.82,4706670.73,444463.19,823608.83,2011208.61,353629.53,1863581.6,56310415641.01,437441040715.34,774545227798.05,1486677606978.63,0.0,0.0,0.0,308760.16,460,2028-47,2028-11
460,11169043.24,5114981.61,23906712.9,4706234.77,4118397.75,11428170.79,1120108.98,7663603.56,218850453138.35,505466957051.92,114449611436.3,1087084490369.04,0.0,0.0,0.0,1155452.12,461,2028-48,2028-11
461,4093098.99,1871334.89,18805384.7,4704984.65,1368065.39,10137409.15,625430.17,4426580.46,1758197382919.28,627525253076.07,562276448253.67,1752914106082.62,0.0,0.0,0.0,553420.79,462,2028-49,2028-12
462,8892986.35,5945585.34,56243278.54,12081091.49,3822717.54,16959131.45,1429651.24,4774948.92,5768364909332.36,1408572311158.23,2461485055553.6,4545855724861.25,0.0,0.0,0.0,989935.83,463,2028-50,2028-12
463,5267432.17,2572456.77,14539860.12,2676720.14,1969836.2,6919438.8,484747.29,1401132.6,1144498701659.9,631492445613.54,576686409104.93,988912699750.24,0.0,0.0,0.0,407964.48,464,2028-51,2028-12
464,3707182.43,1898840.56,7549753.86,4257520.15,2167170.7,6088309.37,693905.64,2483760.28,738463502136.19,159430094652.44,104784142076.53,154455820323.9,0.0,0.0,0.0,345596.73,465,2028-52,2028-12
465,21730250.19,6961959.68,52043538.69,17544332.79,4475707.31,14110995.07,1347620.8,7867140.6,4486447888299.56,1469709026117.35,2562609527301.64,4926622340094.2,0.0,0.0,0.0,1149884.38,466,2029-00,2029-01
466,17868011.87,4535058.39,53461137.9,10959238.71,2808819.01,7873431.37,1027906.64,9633555.0,5227109561240.51,2444260437918.76,4163770418948.54,6185758084129.67,0.0,0.0,0.0,833028.39,467,2029-01,2029-01
467,25910153.35,4543668.56,75051320.15,25493951.68,6230354.11,16843550.43,2015891.21,10811978.47,5058040233312.51,3070196504863.65,3642152037840.7,6732262666156.24,0.0,0.0,0.0,1363552.6,468,2029-02,2029-01
468,11490842.24,2766748.09,42412308.59,15505719.93,3833330.77,13867674.13,1498884.19,6956982.44,501822438935.3,1067789042316.36,858593254027.16,1037630426576.82,0.0,0.0,0.0,807795.35,469,2029-03,2029-01
469,4057857.25,1220171.86,30992469.38,6129066.14,1317811.18,7549612.64,690592.14,3164508.8,957428645533.29,477250206200.57,1662659879882.65,1658121821655.43,0.0,0.0,0.0,407548.4,470,2029-04,2029-01
470,864318.63,848563.02,5810238.48,2460529.93,1054974.02,855106.52,304458.1,1641943.21,1034636940288.14,412650113622.07,1634443768940.63,1348698785558.0,0.0,0.0,0.0,143367.44,471,2029-05,2029-02
471,8955752.28,4701367.06,46239395.05,10259710.68,3465365.82,7857210.65,1834985.14,9869576.58,2789483151595.14,1750872935557.93,3442869163830.13,4248936714686.6,0.0,0.0,0.0,727095.06,472,2029-06,2029-02
472,21717595.44,4123065.49,62940909.25,15230734.49,5895771.2,26214015.41,1843534.37,10335633.73,2027306698326.56,454398459487.95,1034266527917.41,1272316083462.69,0.0,0.0,0.0,982177.95,473,2029-07,2029-02
473,9431859.53,2579601.02,27890803.63,11812152.91,3635250.84,20778600.73,1366810.9,7244436.85,2703182826529.65,934225326360.12,2274259912302.12,4091226937795.77,0.0,0.0,0.0,591415.69,474,2029-08,2029-02
474,9048041.35,733065.82,9075628.8,6788929.77,2789397.33,8541246.29,717924.26,1831068.49,1121983014557.93,1184520329864.27,2840228131293.3,2925393660755.44,0.0,0.0,0.0,280784.86,475,2029-09,2029-03
475,25985815.38,3502307.47,36508896.52,22833740.71,5826723.57,24935451.4,1420561.03,9552160.97,3130253210355.07,1932004885928.51,3501349178618.39,3912077552765.1,0.0,0.0,0.0,978180.18,476,2029-10,2029-03
476,11549507.99,5225918.56,18764095.02,12105922.87,4915671.91,12813525.69,1091797.96,10306195.68,327309478464.74,911786738853.71,198912255396.93,-99107783468.29,0.0,0.0,0.0,876188.48,477,2029-11,2029-03
477,4552025.26,4861519.61,27330499.97,9030372.84,1687015.16,13932839.29,713808.45,3549496.44,2164802084771.37,536903193360.07,1789332250429.37,2750392709748.52,0.0,0.0,0.0,646742.21,478,2029-12,2029-03
478,14216755.26,8247927.12,62484022.64,12539927.14,5326594.27,23742822.27,1259973.52,9469978.24,12249222174675.16,2900837664458.62,7469733446381.64,12182146941407.74,0.0,0.0,0.0,1226567.38,479,2029-13,2029-04
479,12348594.55,2455659.9,36721516.09,8347723.08,4070980.78,22990391.41,1570506.88,8243196.95,5958281763295.09,1680962986942.74,3198982893269.07,3864231114680.35,0.0,0.0,0.0,870948.61,480,2029-14,2029-04
480,8108718.38,1448877.6,6708836.67,3876109.35,2319767.36,6122027.04,626954.54,4278382.16,865443142992.77,239486827096.63,229712873937.52,1077146491550.37,0.0,0.0,0.0,454412.19,481,2029-15,2029-04
481,16719247.37,2317934.2,29898226.58,8816674.08,7315946.99,10048430.23,1419105.98,12158047.37,6141974608819.74,1680633771775.29,3906189835030.66,5862216925550.06,0.0,0.0,0.0,975551.08,482,2029-16,2029-04
482,1461969.18,1628388.44,7477556.39,3699580.59,1978631.52,1206867.38,63647.34,2374502.64,2792691663376.8,1089512645653.22,1195714410734.74,2994000541802.52,0.0,0.0,0.0,246279.66,483,2029-17,2029-05
483,7687777.53,2040103.43,13769660.68,9658424.83,3900773.6,5826460.73,1050073.02,5368083.1,4631188655445.81,1675883397107.06,857901032237.56,4009902996789.92,0.0,0.0,0.0,570411.36,484,2029-18,2029-05
484,30417283.34,7207141.1,29428688.94,21429729.45,6372790.07,30104567.49,3627474.34,15611414.51,2124858214478.04,823871024643.22,212445401609.21,1426321002247.81,0.0,0.0,0.0,1477529.53,485,2029-19,2029-05
485,26546821.08,7189974.22,33751226.0,15081731.79,8265691.16,35932051.39,1966560.77,14681437.23,7265833855263.04,3811361401591.7,3867662864173.03,9772758940014.28,0.0,0.0,0.0,1571907.31,486,2029-20,2029-05
486,9658198.67,3721880.96,42302536.45,8649935.78,2773815.35,12959341.71,1857910.22,6327219.27,7507791715380.5,4342056411654.59,3108234048043.27,11763304868647.53,0.0,0.0,0.0,667642.62,487,2029-21,2029-05
487,13459033.53,4110295.12,52219988.92,12322008.25,6608018.58,26705854.7,1934738.33,8552606.0,6143074565747.45,4115452316734.76,2608175186430.42,6259512032271.48,0.0,0.0,0.0,1002312.46,488,2029-22,2029-06
488,5362276.43,2230274.89,4290254.39,3391800.09,848337.86,6338762.47,79080.04,1022968.83,92506773440.04,-100809746169.58,699720377508.52,1091136116140.57,0.0,0.0,0.0,186652.15,489,2029-23,2029-06
489,29583708.72,10552179.9,62471471.19,16856398.06,9152314.39,41077528.61,3293084.36,18917754.28,8078150786005.36,2674092714667.62,8804270280011.71,13878361984262.5,0.0,0.0,0.0,1399373.88,490,2029-24,2029-06
490,28892366.43,6872795.64,66694757.77,13298657.42,6773576.87,38011437.13,3515901.91,13610507.49,16103779694691.32,9741591868857.76,7843433417057.36,16236399689190.33,0.0,0.0,0.0,907346.56,491,2029-25,2029-06
491,25877351.77,4005930.11,32130063.98,9665291.4,4305685.21,20535260.04,1570700.36,6915211.39,8121097021522.53,6398377340851.5,4019558930271.2,4294912369928.73,0.0,0.0,0.0,702307.43,492,2029-26,2029-07
492,20014007.21,4087262.73,23422111.41,5261929.6,1243903.85,3029083.03,438275.63,2865156.46,1441164516107.45,1133624790594.69,956144659501.6,648007863013.91,0.0,0.0,0.0,300837.81,493,2029-27,2029-07
493,8886098.8,4213903.41,45010342.08,7094274.1,2683149.92,7194192.39,712192.81,2958531.77,4239771705281.89,2182208843554.39,4045118019032.32,3302824252299.12,0.0,0.0,0.0,364962.73,494,2029-28,2029-07
494,21730010.15,2597536.33,42364752.48,6019605.13,1640004.6,12204390.01,1161132.48,5707652.98,12395240524237.66,8578472826631.71,3523443565853.42,18030602690508.96,0.0,0.0,0.0,569532.64,495,2029-29,2029-07
495,28647189.17,5420338.63,93137913.7,9473594.72,4765620.52,8506554.3,2864229.47,12527774.99,15924816263669.84,8863341390210.0,6114878525464.66,12447136934155.61,0.0,0.0,0.0,848996.31,496,2029-30,2029-08
496,14411948.78,5528625.47,43276812.57,8599385.61,8145121.08,10386502.88,2440735.17,13812779.74,-170217129884.43,1058842370609.52,1503624681927.29,774633177158.36,0.0,0.0,0.0,707762.16,497,2029-31,2029-08
497,8849516.66,2967239.41,35017521.67,4897187.93,1104043.95,11455671.24,163095.5,5758152.93,3327854073837.15,2594589888460.28,1606222364879.2,1171198781070.81,0.0,0.0,0.0,291218.23,498,2029-32,2029-08
498,17600446.66,5503846.23,36994193.04,4729360.95,2060241.66,28392614.62,1174306.74,7965354.13,12865321619748.42,8957117557321.38,10661025814101.18,13947136253179.86,0.0,0.0,0.0,585558.19,499,2029-33,2029-08
499,11906549.59,4295272.41,42804990.38,8009674.77,6189789.87,25211698.04,1502326.87,11145325.93,11587132624198.31,2931708815887.44,3492325879013.35,9913855191166.95,0.0,0.0,0.0,635501.99,500,2029-34,2029-08
500,10297281.83,3464648.06,71209971.53,5589244.13,5720763.68,14538191.44,2341927.69,8090251.89,317928101859.07,943066476879.59,108861655359.71,4610020133696.67,0.0,0.0,0.0,505822.44,501,2029-35,2029-09
501,14825268.3,7828240.1,64771311.8,9368718.64,5988228.73,18343932.21,2100688.54,9376309.0,6847891562556.88,3509767602821.23,5896886359249.88,7667753214545.9,0.0,0.0,0.0,760958.68,502,2029-36,2029-09
502,16329823.7,9541912.54,101131221.27,17558550.21,8000220.28,33322153.49,2719900.32,6626213.9,20513243868662.14,16454521120975.58,16409011149159.18,30418798988833.62,0.0,0.0,0.0,1047933.21,503,2029-37,2029-09
503,8961965.69,2955933.02,30581837.24,881434.16,1639048.82,14599992.52,921505.75,3146789.22,2436596797680.5,4070640054249.18,2570350857286.53,6852209805117.23,0.0,0.0,0.0,319935.1,504,2029-38,2029-09
504,37230717.23,13276253.5,70972880.25,10480194.08,9364402.39,37773333.31,3721151.35,16572264.43,2770893170687.82,2032372943233.06,2071420296347.51,5627558255851.52,0.0,0.0,0.0,1344601.53,505,2029-39,2029-10
505,25054952.1,5614538.23,70663190.78,9488603.69,5383547.17,19217675.54,2202533.81,6263292.14,5376206020319.56,2797925151715.85,8688798436589.82,6676183112225.52,0.0,0.0,0.0,857931.83,506,2029-40,2029-10
506,28106565.82,9513873.55,37425637.06,20310871.78,7571781.23,40789579.53,3119425.19,10370273.44,12536319073660.47,12515144530871.7,23858469411941.67,23168159416510.16,0.0,0.0,0.0,1185648.48,507,2029-41,2029-10
507,18375993.81,2551523.94,14069522.72,3014660.6,2369239.05,9714809.27,929548.12,473731.83,4454910011301.8,3990896909308.49,360366178272.62,2748545987161.06,0.0,0.0,0.0,326520.67,508,2029-42,2029-10
508,19607109.87,3154865.54,72793844.89,5767220.36,5411662.48,6216953.82,3224901.21,4460799.8,3168033033340.56,3138054510092.49,-641154065005.95,4190657639664.9,0.0,0.0,0.0,652361.6,509,2029-43,2029-11
509,5986759.98,1882068.4,13731232.05,5848509.04,2441585.89,0.0,1872979.04,6637002.8,4839592120303.72,3046850717613.94,5055666707872.74,509509722223.39,0.0,0.0,0.0,261955.11,510,2029-44,2029-11
510,4359110.94,1223662.41,8966835.87,3939995.92,1465385.14,3805047.37,691453.63,3141357.75,6137943733870.3,4253199315386.98,8507056006581.56,5095412335995.06,0.0,0.0,0.0,206174.28,511,2029-45,2029-11
511,9163819.59,5823920.91,58314114.39,7163456.09,3046113.24,6383048.29,1239636.34,3078603.26,7499479674350.54,2859388962697.1,7085936146363.38,8071384667680.8,0.0,0.0,0.0,449139.19,512,2029-46,2029-11
512,42932262.45,5895402.18,107602242.3,19463389.08,5384831.05,28263457.32,3816630.68,9799039.31,2721862750412.87,4813141276053.46,477280784382.92,7107324508161.55,0.0,0.0,0.0,789355.07,513,2029-47,2029-11
513,53661393.85,7434858.74,41534104.49,19147601.11,6810371.18,26901788.02,5102816.61,12927892.84,7807977841000.81,16698112964114.44,9058157910945.91,8449826188700.24,0.0,0.0,0.0,763742.28,514,2029-48,2029-12
514,34343777.81,13692132.34,133534452.15,35486241.85,10574640.97,56250661.43,4888951.3,21730850.02,40504567020636.78,36623608940812.48,48332804956172.23,47490180847987.09,0.0,0.0,0.0,1179675.89,515,2029-49,2029-12
515,23025185.57,4446168.83,78149296.04,7543249.54,3515016.39,19812283.83,2011171.56,6916375.24,4306068782906.76,1240185927306.46,16474464418476.48,15141954798205.38,0.0,0.0,0.0,447010.4,516,2029-50,2029-12
516,21717571.45,8299503.91,133314330.75,16871231.29,8524761.26,17311453.16,1357468.73,20215576.17,6834196138753.69,3674641687525.22,7247498579815.66,2468045090403.09,0.0,0.0,0.0,619761.39,517,2029-51,2029-12
517,9829629.7,4216276.41,11995103.16,4606652.25,829597.86,4571400.19,0.0,6581022.35,408419426663.23,2967741298308.3,4562516446490.75,1982365760693.2,0.0,0.0,0.0,161440.99,518,2030-00,2030-01
518,7271763.57,4272680.23,8707563.32,2600710.44,1133704.49,1686808.7,561619.63,3900935.56,3555919218251.52,5634092889089.48,8665072280144.79,3893590500757.19,0.0,0.0,0.0,152734.17,519,2030-01,2030-01
519,43709420.26,8595254.93,107194051.66,21221794.98,8358492.68,18269553.44,3445440.08,9880488.56,11456265982695.68,24170921671545.44,32190775777492.19,27598995013672.54,0.0,0.0,0.0,722112.42,520,2030-02,2030-01
520,92139582.26,9431181.19,198308286.18,28893077.36,10942157.66,54963483.49,1955595.07,27206953.52,10243627833215.27,6820687925709.26,11207706524206.26,13682424931871.0,0.0,0.0,0.0,996181.78,521,2030-03,2030-01
