month_year,prod_0,prod_1,prod_2,prod_3,prod_4,prod_5,prod_6,prod_7,prod_8,prod_9,prod_10,prod_11,prod_12,prod_13,prod_14,prod_15
2020-01,927.7008594331431,945.1897037659721,996.3281286606117,674.4163757681979,1126.5997118568603,843.3543098607934,1046.0222309523751,862.3943017487359,22810.1142607209,15908.803711788574,17812.811195129994,17578.390453194075,0.0,0.0,0.0,0.0
2020-02,456.16383647919696,688.6112433434156,492.6205285452033,343.96505589240417,445.22540135164246,343.42480514247404,508.4121596430205,517.3320559129658,6543.223143066939,9710.84499602225,14653.32032994332,10941.120926192072,0.0,0.0,0.0,22308.44799671287
2020-03,1144.1023680619376,898.4283813210907,910.1034871290326,757.9440304208148,916.2227112812569,917.6556050427996,1134.8448141201504,917.8583581466513,15024.88852764923,18913.170512717763,14800.641112610698,13788.67684823219,0.0,0.0,0.0,36844.76868162744
2020-04,1213.7792435004735,1377.66632502181,983.0722164533722,944.8962911939154,1292.0398312495458,1077.2401258177008,1212.0603026191704,1349.8436600028153,21200.839429966993,22848.132959812585,20227.997566391256,20407.723737271124,0.0,0.0,0.0,51815.74771551956
2020-05,728.0811249062048,704.4454058585709,404.94953101465313,463.32974636851833,587.3458728617495,651.0523967650751,778.3163613790583,611.8461662539954,16354.347089863217,12756.956068494937,15320.127193531085,15627.485312856517,0.0,0.0,0.0,29784.086204312087
2020-06,1182.8016152884172,1828.3746926880774,1237.3764197106857,1571.2658803229056,1468.8689411557887,1348.5645410152501,1348.2406625602878,1618.5446614497332,20627.869165490214,27062.480161967902,21813.327802810712,19776.876213296233,0.0,0.0,0.0,61103.57677106224
2020-07,1201.0823936622835,1075.4195195010009,1213.2570242674128,1034.8014431792799,1214.9903394937232,1148.566001521797,1176.0288407047544,1167.2722129799583,20316.030598612466,15416.424782718292,18401.91198531786,14441.043758678547,0.0,0.0,0.0,50942.523240913426
2020-08,1193.6657322450833,1278.7880538424788,1267.009601311698,1231.8700599224992,1123.7430781883907,1009.1142795139542,1205.875886058884,1108.7726501294746,13869.010021040649,19067.535092542345,13293.354919009598,18265.99973722896,0.0,0.0,0.0,49899.437058340714
2020-09,1147.6438889726974,1161.6723700357743,853.2750805296708,1063.6497397875967,849.4349498030081,1050.3440396678143,943.6043309354922,1109.7216043542076,15638.50309016568,21569.94556212766,15218.591465250624,21548.090589549796,0.0,0.0,0.0,51071.41561056045
2020-10,929.7807560974298,939.3187942501308,773.4513372271027,820.1801990921056,781.9371172123342,715.9075725567637,772.6788187684417,815.0998089918993,11059.501740896516,11426.202293957987,11458.496497811568,7116.814375477747,0.0,0.0,0.0,37603.2875946008
2020-11,415.529631915468,317.7806565133475,454.665098837516,483.8663233154804,491.5396913597074,531.7058604379532,324.39467567328546,602.4237903929358,9886.424236761044,7086.506760348981,8544.212590296378,7664.445871560249,0.0,0.0,0.0,18215.44822257476
2020-12,1010.8769706631349,1096.496341167197,953.9741398014818,1061.322183734723,996.7008960682097,942.8249281110188,974.6907229399994,1018.9337460599895,17484.454983174546,19771.343499968432,16944.167724082836,13164.497684759213,0.0,0.0,0.0,61491.6231789656
2021-01,1033.9896909013587,867.2944534677215,611.6590219459287,917.7292170209236,695.512250700811,649.46430585911,948.1143230847063,848.7861348784761,14202.491011572289,17575.715331660787,15888.391187345333,12414.454650933543,0.0,0.0,0.0,77856.10401083498
2021-02,1148.6392731618441,635.7182399201054,1211.905115970299,1098.0083120702702,833.0175612720852,879.3374941534972,845.9686255677384,1145.9960742246808,15139.852859764054,16398.758840164304,14775.160662181244,15648.088637810853,0.0,0.0,0.0,82060.45959756675
2021-03,865.9521490187979,986.0052365861101,1082.7206544642315,935.1684631336458,1120.014211042772,1018.9167473146604,1037.5770782653137,950.6320289383583,9730.26248335352,13962.501030312633,11691.743050468658,10638.63614310382,0.0,0.0,0.0,42668.657613902324
2021-04,1103.090921910126,1219.7280145890252,699.9201691905474,810.7466601880326,1087.235612120095,912.8046488530297,995.2207898178128,917.9143225055308,11978.923497309861,11389.39170382948,11796.23679036209,10238.699872415173,0.0,0.0,0.0,25859.205219090498
2021-05,839.8399928749988,829.9431379396115,764.4039292800652,820.556473067403,919.6494807028074,889.7807405793436,912.7507693091673,781.347540152017,19541.163849954042,17339.557780103212,17381.939393836758,18195.007463410144,0.0,0.0,0.0,41816.77097985188
2021-06,688.15790839079,725.507705062798,935.11827861037,1034.6511192676578,935.6923118452597,993.0500251088424,848.1613102187287,850.4885580177252,14007.360379063428,15857.828782907844,10416.452587764925,11195.937162146933,0.0,0.0,0.0,74365.95492090202
2021-07,1081.855987363524,996.0313741724427,1265.647934183956,833.3560502842407,1011.5567675189633,1107.9984295394866,928.284080026004,1073.137536067149,15524.954339501957,15863.880065504083,11401.093282534688,14217.858640370776,0.0,0.0,0.0,105616.56343197121
2021-08,1235.1781803972674,989.5927218979671,1284.3780839249143,1516.7986250993247,1168.1088802469385,907.9535265949352,1420.1637342695565,1130.3386592240934,21431.555839227283,22703.760431511517,22952.89047064806,22560.947639936505,0.0,0.0,0.0,95295.02351964409
2021-09,1115.0582480055812,1409.3985118859987,1445.552594763028,1271.3211897506292,1343.2674315833965,1074.991344676353,1289.9750673905066,1032.2228041509404,21024.284981480145,24744.983905408688,21145.34095712584,24087.962980215918,0.0,0.0,0.0,58721.67588290182
2021-10,782.4215037962882,472.78179228127647,453.5648554290106,520.501585930487,613.8966111203632,611.3100858794422,683.8033260167679,532.1566220207401,8977.24836341885,9837.140403934703,8767.740599130697,12125.545957697943,0.0,0.0,0.0,24387.142405205017
2021-11,1078.1728924956756,1148.3575352522157,893.9252597713717,1209.7952498945688,1141.366682157241,993.7723008209796,1133.2963583337898,1227.0087735404973,11776.782695598697,13087.54789153048,16705.643865762115,18842.865682339743,0.0,0.0,0.0,93272.22874776174
2021-12,845.7670682161973,659.8414412313349,773.7838070738215,778.2919254048502,663.5098093168768,742.4735350006015,743.5543789507171,562.4404096698859,10531.264076957414,13240.78035905457,13531.614667535163,9532.95014745789,0.0,0.0,0.0,82624.9255235853
2022-01,1005.8579496320949,1306.7023727343417,1183.9481446122034,1027.1350580973412,1032.3990151547757,1176.7006398909568,1110.2355574836272,1175.1486186669085,11527.626377885845,13848.44872436025,15956.325136676001,19770.28554025243,0.0,0.0,0.0,125937.58237635887
2022-02,728.6307075307687,696.4183872726211,710.9120833896332,688.056597126344,933.5914520246481,695.1703271252937,623.2791050708454,847.755382520588,14281.98250520972,12200.246924017667,12888.766899888427,9709.777868398103,0.0,0.0,0.0,53521.96698888731
2022-03,940.5028806171867,974.2161945396249,824.032654761602,751.7956451892414,736.0119377145664,975.1979557916718,923.9316077393771,742.2371858545457,15962.517048866292,10504.524921431192,15622.133702892153,16759.076063429537,0.0,0.0,0.0,44913.68611163073
2022-04,893.2458588987669,712.331448441636,1072.4379338032666,883.7800421121954,868.0183849352793,611.7335887410034,907.2874139627169,631.751403358161,10973.406841345046,11973.22947136958,8347.107050688892,10664.89952914537,0.0,0.0,0.0,62806.68574902482
2022-05,773.2130381315302,988.5700610094409,1028.1767101144744,783.4483804543574,1047.9436583747497,868.1557957310838,902.5972453320394,898.230555907357,17404.9843372412,21881.420575912358,19382.975882649636,17073.251612075397,0.0,0.0,0.0,103887.55204699832
2022-06,913.9824811062069,803.0960690944435,885.7299525667421,1089.2210886545774,861.7646788431994,995.880509002539,1145.865179758592,708.6530195310298,11033.273149807159,9362.521139836279,9935.38201645723,15123.125139472158,0.0,0.0,0.0,106423.8396408768
2022-07,1069.3014519884225,939.3447114683848,906.5344275990624,1005.3177237503521,1191.197194747438,1092.2039108343129,1355.724117836603,1187.8650528413255,13698.812139645413,15871.977273472507,15380.094071443176,11871.104973281745,0.0,0.0,0.0,107671.37054951707
2022-08,886.428919896926,1104.984564312661,954.6679813003075,1007.6314373118637,823.4810734721755,1102.6864557004028,1108.7125841137147,986.9757088409907,17459.74258866297,16358.808881744197,15846.813686280571,14074.106100107158,0.0,0.0,0.0,62926.89295125896
2022-09,869.816972138883,797.0627640145156,835.0240874982808,877.3846895298059,895.2607931321355,1149.4757186253555,724.0008170975863,905.2701954827211,17407.28241099295,16197.271403440873,19447.675277383183,15757.594292434049,0.0,0.0,0.0,63502.635457398996
2022-10,816.322099594612,822.2112845093258,341.4163044244044,829.4764121953435,564.0173028880637,860.4523408186374,826.0425423464565,730.0880466280786,9560.12642392266,9227.268663967208,8598.228834877165,10335.24453326975,0.0,0.0,0.0,69435.6393694558
2022-11,1075.3308835722517,1200.4609716300847,971.781817069448,1182.5504545192073,1329.7578078048891,1351.5155710258362,1097.0734008263685,986.1791405879694,14532.966189464332,20940.12853639832,16491.412882701385,15666.223956867228,0.0,0.0,0.0,166459.07437547052
2022-12,543.536795291164,994.0293828255471,717.1594876279399,944.8017622508227,548.339045348094,869.7394106281384,746.9503677601949,717.5121119270689,16836.908718249266,10596.744072888749,16416.776108819537,15082.223168787921,0.0,0.0,0.0,94840.0926944753
2023-01,579.8096425114919,859.8495847150958,798.1871616407001,960.2464761067848,800.8646041376963,746.9430523498385,734.6136691490893,885.896888073414,12097.346993250185,17399.85075978803,12926.294196853674,13507.479271664737,0.0,0.0,0.0,75305.46109765396
2023-02,609.5735162752159,786.2468939012567,623.7120640378521,626.8319027735133,615.5586129802622,517.0918838833602,637.3323559968758,513.9497523428648,11097.228217982049,12735.738459396844,8916.10161473891,11076.364915179664,0.0,0.0,0.0,42741.55204115075
2023-03,865.9032124680621,872.491268159333,660.8771051309571,1049.5453882728775,861.7775564651055,868.933863332737,944.9215067377454,840.7372820210462,17797.561611299963,20160.280186807624,13256.914603984253,16575.883165214153,0.0,0.0,0.0,73270.44959455739
2023-04,389.8787515454488,551.5785751836069,538.9106508166327,581.7006905301106,548.7421798988167,564.9378508684816,519.2800029777825,495.1038729825082,9929.002739400934,8071.996146226595,7638.186134005538,8970.204120604456,0.0,0.0,0.0,73150.56534911803
2023-05,1669.331180519094,1486.456652566025,1454.157228802323,1399.1377327252596,1712.9205467950662,1519.2696434913335,1371.2635302548792,1635.8216711977045,17622.84848409742,26477.106736300128,24053.714993154124,20374.473633795194,0.0,0.0,0.0,237369.66619784368
2023-06,664.3603873349593,575.5786314323763,480.1254960240885,994.7992312113247,487.13663050141975,549.5052038778401,667.8874336749932,563.8383079959681,8666.376679080531,10070.013347550823,9057.445072246748,8616.729138584655,0.0,0.0,0.0,74862.5744229117
2023-07,906.6174687079301,1091.7836797665511,849.5371072156574,923.6103631280517,832.0056409267257,865.8194672493054,908.4311022196966,803.1863663896404,21248.282427501385,21854.938995999706,18649.01290983939,17316.69149532999,0.0,0.0,0.0,81032.62698368763
2023-08,997.613754500302,1039.7614947225634,948.8875434997209,890.0107620048242,1024.4482739488765,922.830053453174,1055.990319958804,933.042150979594,20794.709535235517,15565.348835207755,21043.676079995443,24887.571044445966,0.0,0.0,0.0,90864.41386877942
2023-09,224.16813287536252,397.15228249860996,483.17813789033875,333.48197340759543,239.6372969604529,329.5765500249556,244.5194422800356,387.222823827845,4858.7656484217805,5052.81590529344,5370.845756141352,4395.3844629268,0.0,0.0,0.0,45806.69580460047
2023-10,934.8144417409484,831.2836490192072,1004.452703277691,981.6268617002938,1003.6748631558842,1066.4635079791617,1007.522460591922,740.47652718935,19140.49732683448,26560.222591672078,19932.14281948751,24590.863073702687,0.0,0.0,0.0,148422.22246773294
2023-11,687.3657479757095,589.3606885735194,923.161213528769,1008.384595079602,904.8568798897843,763.3652136717615,913.7397357090482,804.0304681547085,10899.902808894229,14825.196084076808,11155.696177818007,16112.196788668276,0.0,0.0,0.0,132674.5844284545
2023-12,1096.222145808783,798.882358774597,912.1818016659307,897.887841987811,879.8993304620736,774.2363800700141,1006.2676871932633,899.9688226888763,11940.86514133803,14350.395513795713,12186.62015145924,10795.148433358576,0.0,0.0,0.0,106525.68589154155
2024-01,487.24908113474595,548.8494385338687,593.1462473852847,659.1041610692046,662.3882460148567,520.4141542426486,572.1912994677054,616.0616346842337,11933.774315406015,12728.737300467688,14689.581495633101,10785.2793129781,0.0,0.0,0.0,58753.736798971506
2024-02,1093.9795494486448,644.4033961740773,763.9628551172541,943.134186710883,541.4254541811583,1212.4452955358386,807.7891293820865,935.949112686858,16597.343309192118,13927.384720129314,15886.474449387084,15567.23861406373,0.0,0.0,0.0,113050.3021224332
2024-03,690.3967023190191,502.68078551334656,610.9509422049608,736.7798150097997,679.3104702091184,696.2761681678143,605.011952638507,695.3555487642792,9187.856559588645,7284.313229612302,5953.170694247893,8035.084636125528,0.0,0.0,0.0,102147.23843864314
2024-04,1077.0829710777905,755.4747912833728,1023.4639919166598,662.3418956756194,1283.301477184283,1138.729983735174,1199.8028272404192,560.8572805901562,13357.216813952678,16511.45283269964,16883.444660504447,13890.19147057374,0.0,0.0,0.0,169352.9975522992
2024-05,872.118608849207,1243.0771385985881,869.2315853160977,844.5404368547552,1146.9854552604154,779.7050428553341,924.6921209190693,934.4269928226333,19774.30166254332,15921.746560286147,16054.790884940829,15375.788039660281,0.0,0.0,0.0,142761.79326860904
2024-06,586.0719552697702,491.70310886638225,505.0964588996363,856.861732374289,479.53660348967827,721.3113602072247,508.5932182417985,595.8716203476334,10183.777470101351,11714.687958806717,11378.40340549802,10864.67076546211,0.0,0.0,0.0,67505.32841922094
2024-07,453.8986512819673,530.1271590042113,574.0405976144434,579.0301914891774,626.3901106374904,477.69823573712034,571.0013905358958,558.1417888876038,11924.217971122334,12773.024795708612,7819.66906768474,13115.426655186708,0.0,0.0,0.0,63441.06115158977
2024-08,1179.9068517880544,919.4247766154654,1353.4580050285529,1040.6745466546704,1224.3637368829768,1238.5644584158044,1251.325510700742,983.6756502888927,14542.615396301782,10895.191431356194,17417.56079805108,10601.01835967123,0.0,0.0,0.0,173824.41042996585
2024-09,1232.3048117409983,908.2259182848695,1180.0044289467432,1281.070234919619,1290.8562027551573,1082.0712701755838,1356.75099336344,1137.6464461790283,16394.166164898674,20666.75005726728,19880.806440609642,18634.186137110733,0.0,0.0,0.0,215809.249658866
2024-10,998.3345097430138,893.9185207382608,916.2539006172741,985.8906010657598,1082.7046865873313,834.8651427117674,1146.200463370098,1122.545613092602,16827.895884588554,23854.407927256587,21360.162766226535,20773.661422092624,0.0,0.0,0.0,184836.81308519078
2024-11,753.70529569134,1050.4197128635894,734.6113403501781,812.7062812071846,867.7777791906632,767.7822768848513,1084.5948419053836,859.3506393706713,15744.305937018833,12675.745052435346,18128.503801735893,10222.438613590457,0.0,0.0,0.0,110553.31053563883
2024-12,805.0590079318248,980.6976068286651,1236.3776240507282,895.8249097359515,1132.4150625998464,1000.5530006721056,831.8121149357834,963.9391535723507,16234.95437234869,15542.20308598339,17071.470619851316,13580.141728000452,0.0,0.0,0.0,114838.92579117263
2025-01,500.87914900521184,427.8725848677855,311.04405000868064,665.4193266616774,361.0558233055946,345.9491849721033,528.1042332318659,386.206632198642,9824.274591721913,8847.284611935987,9507.07811759328,11546.758139385598,0.0,0.0,0.0,62948.918630418615
2025-02,908.5924401919416,1014.4758580400772,899.842970384132,752.491511656321,910.6506821582428,833.1586984724413,942.9813855689752,971.5980090794345,13501.145060573017,16238.521648794062,9758.535689629765,14068.990057405093,0.0,0.0,0.0,168314.83284099598
2025-03,871.5027614862736,1091.7194354356475,897.9461408544214,967.3460571355253,931.3918237062502,797.5525642236742,1108.8693557361044,871.3466692703893,14462.97964321385,20404.405244616206,18691.152894249215,14842.572242964354,0.0,0.0,0.0,186125.04098458902
2025-04,1422.0130009908476,1437.5936840865434,1273.3607207138477,1149.5503546985688,1127.44886370829,1211.8618282493317,1801.7173229509253,1523.600679894379,27219.977817145376,20680.41785160208,18848.35360951935,24596.721956834775,0.0,0.0,0.0,220680.29157377788
2025-05,651.7320994604617,1156.201890934545,416.7756199638867,716.4982145840207,871.5121707243475,755.660709750189,714.0056913659258,773.2444056760359,13636.404666905031,16628.071903968677,13936.129334703852,10025.47141776786,0.0,0.0,0.0,117492.60578137067
2025-06,377.84768751592657,491.22563100163035,332.92829998283946,454.76490737812696,440.40009289169814,386.0955931086845,686.5721416896981,451.5187047960145,7375.05601969974,5793.461810151205,4333.413527957498,6431.160988254237,0.0,0.0,0.0,60020.60225968945
2025-07,1051.101968031507,1088.3959887125284,1402.9067573460172,1240.6585895837595,1267.4832057724902,1414.900766400673,1057.578388671041,1112.9462959220862,19884.79389304296,23697.82942591883,18534.375750188752,18163.582262807944,0.0,0.0,0.0,208437.16983604917
2025-08,724.0809433909454,693.6023892487294,709.3399654926933,704.5223865377536,503.51983047235495,919.2761840193975,517.7322655303796,498.27777046354333,13164.742171461952,8273.272617032537,9144.206743414334,6702.194454873123,0.0,0.0,0.0,142060.962101115
2025-09,1225.4425994252908,1437.8095650333332,1306.130078320882,1530.3261081975072,1278.7999922371712,1210.873313144755,1526.7553514145318,1473.0841041403878,16798.937603832524,31226.351461176193,23733.25753247759,22819.52454329327,0.0,0.0,0.0,286317.3845155393
2025-10,880.7954010946396,896.2448713166433,1121.7106941893887,746.0559585432388,769.0748825900358,856.7939184827201,1051.877970932258,1062.2050843508687,14403.636366286764,12322.084107229453,14158.606585014986,12560.551433881143,0.0,0.0,0.0,150217.08538159702
2025-11,825.393884113475,739.9486403327019,837.8372508644402,1025.3178465760702,849.872664630035,1139.6583112986116,901.9520919385019,647.8742029246642,11446.846913319476,8431.997030282402,13481.172284269316,10463.633231734158,0.0,0.0,0.0,105049.53915209285
2025-12,689.7774579986968,1067.780985588862,884.9322302789526,879.6199214440644,842.3554362002963,885.9331746331599,675.230139308207,1105.2530327268641,14968.522918634202,8797.85145683582,7958.84200823184,14535.365077208355,0.0,0.0,0.0,156206.1446156755
2026-01,1272.701805648507,1424.557978805948,1737.5610493038698,1337.8126590375534,1564.151661512959,1444.6781543845275,1433.8347671486144,1604.1094007188005,20708.99570273519,23668.446105995223,14828.097498432478,19831.918657401147,0.0,0.0,0.0,291455.29220475606
2026-02,544.3649864346692,382.95737521059317,687.0221804398609,361.9622072114777,539.5433452405713,570.2518422328443,508.8580765604977,543.3910382436669,9558.343149265944,4671.939840244589,9148.465412138945,5720.903719677154,0.0,0.0,0.0,106213.74401257063
2026-03,1119.6744801214152,1226.1846380203308,999.3659566060601,1289.8218052250609,975.1165087425741,954.3816110625087,939.1541617631324,1023.873096126543,15996.026083039125,19999.62674577388,12122.072743043704,13928.010818073652,0.0,0.0,0.0,211015.7047109292
2026-04,1143.1762836338123,1006.2646598164093,990.217612640062,1221.7561133680047,715.2747499034291,1143.1862896188645,1062.6975776390734,860.7513554834138,17097.23422690159,12623.074429398283,17161.62978357286,14123.06781044255,0.0,0.0,0.0,174163.45207358385
2026-05,500.29717994375255,399.7707465486607,477.595688649115,493.29020929625193,554.1600827010712,550.1240933246688,560.6662453764013,473.01132480367005,7711.4204461056215,6273.1431118018445,7515.053649971613,6570.739843056361,0.0,0.0,0.0,89130.70901632452
2026-06,742.0193645116353,756.5527187000883,872.3361890857275,532.5812695125642,727.4854141142782,711.4545604942334,497.15035926639115,597.5130555486874,17403.315565851648,9700.875594573397,13199.868123820159,14936.902762529471,0.0,0.0,0.0,126181.09391614335
2026-07,1227.0672214729173,1288.875929838334,1312.669289425993,1211.2543328224951,947.8162590647432,1274.4218945749967,1432.580632466301,1349.9206598001424,31765.562518283634,28078.87075050249,27211.945341658164,19089.172715269928,0.0,0.0,0.0,277747.50117658556
2026-08,817.7925503643936,807.0756304316714,1163.4520516905145,1241.9959072008437,1003.5860543389254,918.4776023309685,1071.4614202291077,1080.5151118573256,16961.64946692505,13869.630008477625,15152.207806192639,11510.284876828433,0.0,0.0,0.0,219311.47238851534
2026-09,652.8873848078691,825.9632841125399,672.8257341600507,752.6820613276352,823.4642276329622,824.7402044510688,719.9305056307575,860.1285872124228,9136.77673756843,8409.457605695841,8023.558656904455,10144.68745321903,0.0,0.0,0.0,152711.77314339668
2026-10,797.9141180091348,929.2147992108053,1071.329143276157,1258.4696106516494,694.3640332340184,916.3015738741725,1096.3295166386108,763.2555993597546,15170.06897957085,10979.47208092206,16643.258500358712,12876.282711467358,0.0,0.0,0.0,163002.3302693192
2026-11,527.9642230769309,660.5496968951933,773.0097656636074,774.2689457784383,677.9422558360857,687.5619416353738,790.4019535533424,805.8919502291687,10567.811731828344,8755.71492001043,11977.642962177755,11754.80870025309,0.0,0.0,0.0,121966.53752695497
2026-12,1194.681384222747,1491.1425174926362,1769.230812994419,1375.9751155200559,1989.0579973328315,1932.6175908384482,1678.0622617775039,1635.6533347315033,16174.499164394794,21390.84491100727,21163.860634006654,19995.764260871212,0.0,0.0,0.0,337684.8689310817
2027-01,837.2911526607071,543.4967884321225,1015.1392992058219,739.099866607556,938.9511129579581,888.2544903280486,860.1633095482777,803.8395659017491,15563.199324942816,14011.306945778979,12433.932258975563,14504.471307997977,0.0,0.0,0.0,200753.66326649496
2027-02,557.2315092171791,699.6761094317463,464.6386815032773,453.53121970181235,721.5164086203262,606.2064933476896,574.6896891870138,762.5772583375269,9801.135429479475,7652.169566133569,11086.97199177452,11052.136832946488,0.0,0.0,0.0,147509.69199087637
2027-03,491.41968186050354,647.2101247212747,648.2203923817793,361.05131016183617,827.5496403967978,675.5740241348692,308.47778013575,422.2888246440095,6869.409536378949,13409.519759303956,9023.937090098658,13933.632400832314,0.0,0.0,0.0,99711.5409529516
2027-04,702.0800875602075,547.5925687749311,674.1548060821459,827.7652481948836,779.7969886589184,789.6600878180375,816.2103206362544,870.66885694417,15190.419693099459,15129.189333746686,12965.846829092621,16531.72414536675,0.0,0.0,0.0,129949.30910767282
2027-05,778.594022134578,1051.9633496175238,778.7698018389038,866.0090514027856,934.3595971774446,960.2655804398246,978.5213853682346,769.7886923438012,14125.91046484505,12470.351147985632,12618.047375951954,11987.000605170788,0.0,0.0,0.0,194011.41593776265
2027-06,700.2796156126612,746.1551476390754,605.5119967961817,903.458163278177,670.189233195697,587.1957211148924,731.8951636059812,436.08725256997855,14744.986149076498,13888.99419233247,11255.1737806167,12211.702800597413,0.0,0.0,0.0,190537.00737839282
2027-07,1089.0782460386718,1166.4599178209585,1121.6937120688017,1005.8382771829025,844.8444743191634,1232.8251153658775,1059.3930618873503,1133.585962438493,15634.75974976406,12790.310707544144,23015.76876628702,21053.005119740035,0.0,0.0,0.0,270693.361241645
2027-08,583.9584784407425,440.77803074406745,534.3344509573722,414.7428664065372,533.9513985054813,553.7204806999073,406.68538502382063,346.8548716417912,3603.082336815468,7206.17404088379,9765.3621032825,8922.80912962263,0.0,0.0,0.0,110839.78377521048
2027-09,1160.0581776571291,1146.4370668857164,1114.0244184296637,1095.985904568611,1127.8524499510052,1018.8418142976594,951.6921632577391,1092.6363207486602,15594.216518467756,25193.64381322681,12730.429305611344,13515.203325418273,0.0,0.0,0.0,196473.3558575035
2027-10,1130.4048505893172,999.0478686307883,855.7235860518697,818.7865298475303,797.7734106652724,1035.357245128571,713.8822883719752,947.2124708263292,18360.349110233645,19106.860683512376,16323.182294736076,15165.224959814843,0.0,0.0,0.0,191025.5031780845
2027-11,578.9008688001334,827.9265508902282,735.9990246093779,776.0502453391633,830.1016851127102,763.5712643681417,867.6821142378217,698.102686941327,12899.200809503376,13329.025720996831,11936.42852298198,9668.732016325108,0.0,0.0,0.0,201349.6452906392
2027-12,1384.9994132541992,1146.7273434312865,1191.4037764443024,1451.722017567865,1211.5582885022138,1099.0125851316436,1115.9681461732698,769.3949067255975,11008.082810865037,17725.55873849832,11453.123130278618,12689.044072435581,0.0,0.0,0.0,335235.6432006188
2028-01,728.4250997377181,719.4294198644477,894.1203209784289,778.560316415101,562.2231262486639,761.2275492673388,634.2398743855088,519.2093852526086,15782.752171640255,12552.53993668554,7996.396742903885,12944.632617298264,0.0,0.0,0.0,167997.66675559303
2028-02,583.3547093806646,541.9837663437968,570.8059257493433,544.3393981833528,718.0504035083756,615.4778986084597,615.4343355226333,534.0839132276274,10912.694825244764,11465.696798647656,14142.50934814994,12293.618982035163,0.0,0.0,0.0,120090.8084216112
2028-03,1462.4562133294023,1081.5480865326506,1329.340727938323,1566.460280488849,1466.9904276004747,1377.0089546928323,1351.795506392638,1174.8939338179105,23373.678295022044,21106.254116066222,22362.64615216034,25824.023235310196,0.0,0.0,0.0,253379.75390214252
2028-04,446.67135394051286,535.9064997352086,584.4973434436647,564.371659416758,524.560777341953,547.4391648881035,300.5011132025238,380.54530563341746,5381.636900882092,10513.393380052428,11971.518293674551,8971.673628630817,0.0,0.0,0.0,129007.89005743779
2028-05,820.1174047939126,1026.594858690803,1280.66797047402,881.8919080135271,908.7680734001099,797.2817085605644,877.7480978127426,761.7243730945106,16614.015318364796,15440.776544581648,14163.287450331163,13462.035509898513,0.0,0.0,0.0,251124.731709467
2028-06,818.5262989830825,799.6503868874433,795.0259482448216,703.8104496903925,633.7576031964787,787.0175130507752,686.5051919821096,1108.4692512533413,12820.58815290801,14458.664986502137,15151.411629952961,13841.023367938526,0.0,0.0,0.0,237912.07140866847
2028-07,468.0637142332125,817.9694210357469,888.5148876550643,695.8749661252235,868.6065242522279,677.9536971877723,750.1017354164044,859.7954959908129,12902.882160957168,11907.668149529172,12182.624293473962,11496.788468130384,0.0,0.0,0.0,193272.56567980765
2028-08,1387.3170886661508,1140.6521892975163,1174.8307966126913,1218.0623765938008,1472.4173762320625,1247.6401999001503,1293.7283567113025,1006.2859512446915,24768.80443264262,23255.558945116733,22862.61226452847,25189.656143365308,0.0,0.0,0.0,263164.9668085839
2028-09,1154.836475236083,846.2335502614151,704.2768050960162,703.5381341750248,969.9246622418834,773.7796960768535,809.4969047147126,812.3482593582534,14984.524950620102,18202.275449203997,12922.21141177853,17703.156728304086,0.0,0.0,0.0,197911.6827878219
2028-10,769.6334088996457,841.6535870337392,723.4437827703382,961.0288723505062,733.0197454113745,781.8915788763985,591.7460386851396,654.4358262897404,11604.204866436037,13429.975617329841,11764.850369797587,13507.437576917604,0.0,0.0,0.0,209120.12656038953
2028-11,788.2588005186036,808.0790662989948,771.8258085081987,729.3450537233321,962.264011264923,819.9047181847923,677.578727095489,720.0030907438833,9057.007297503838,12888.806711441403,9499.480846327391,12778.524617079454,0.0,0.0,0.0,228486.97837675735
2028-12,496.31231298482635,816.4604294490741,788.8707645207667,676.3312346089824,728.8612307986722,720.9170902513249,692.4089105230272,518.0088460557482,16361.141676342153,10247.07755300517,9554.304535046165,10270.430924674441,0.0,0.0,0.0,172479.08327832798
2029-01,1560.23061243914,1228.9940909556392,1724.842396842859,1700.2664998337184,1347.1670499890456,1113.35946218905,1210.748195817184,1294.8509207923819,24866.0676388493,24879.419239459672,24606.432566822652,25996.196531616126,0.0,0.0,0.0,335049.8617226572
2029-02,757.5727128598115,696.4789270527374,946.9928894918257,932.4643977378431,783.9813610906027,778.4372979336605,867.1500890501068,791.5726001566193,8835.98962249024,9467.592334751154,11492.743114675164,9118.175236561672,0.0,0.0,0.0,179412.82335594916
2029-03,929.6163363992499,997.2093797061715,855.9818249952477,1280.6792078803692,1046.3956596627745,1027.9456844415542,911.1657615667922,1001.8646269058445,12839.583748889076,11256.825317347766,13692.034624310398,12703.14233503096,0.0,0.0,0.0,245655.25710610065
2029-04,861.0594206782565,776.3971232236107,856.4846900201329,801.3012725401597,1096.9344606332613,856.524728568134,901.7950851551794,1016.4294870144566,25468.374306467267,14739.70179911191,16469.60192905312,17906.404659251093,0.0,0.0,0.0,262234.73066423944
2029-05,1045.8345969374418,1065.5654041697637,787.8986744303857,1278.468165444338,1206.7851710437717,1055.5512638324944,1340.9638865343243,1203.6523717577209,19596.009680903837,18851.35079674514,9500.536685326511,19299.473575866617,0.0,0.0,0.0,332117.5263183027
2029-06,980.646281359828,945.3651620886035,948.5817838679892,977.638232756964,1213.118965391396,1240.0359508115712,1247.552609491208,1180.5920746897195,20498.138119284984,20131.46694864038,15587.150988186822,18568.876038635954,0.0,0.0,0.0,262329.19539001473
2029-07,856.5430257569627,567.0989068530229,613.8377978539602,585.2539344366596,489.4832053241742,459.25663819098776,489.9088263297528,491.7951935793799,13303.843937720876,15657.390069759804,9187.593782698374,11330.752139859951,0.0,0.0,0.0,150512.20573397592
2029-08,796.3825436704141,851.3078883269361,1002.8055886039597,779.630552152887,985.3749188070418,758.6665074771034,967.1466593578488,1235.3104504350574,17674.393512236737,16565.023355824218,14159.168384160212,13204.446487656433,0.0,0.0,0.0,236488.22314000153
2029-09,517.3106790417459,779.9255373813733,863.6599033907503,633.0443709021242,695.1689489438293,695.3857870590039,728.0548671119307,631.6429677304395,10690.6323991028,15194.112359243905,11564.6042613865,15939.958703423787,0.0,0.0,0.0,196603.1445713008
2029-10,959.133898947839,989.3711789370014,625.5785052815011,742.4603187209261,863.293221539154,862.5992755067243,898.2447002113754,762.0966631476755,7914.736653418401,11531.165600322363,13330.395110317078,10964.33771296444,0.0,0.0,0.0,277375.5239071064
2029-11,673.0035354307576,537.5548912194365,636.3124925836787,520.9730186102452,554.8612375606489,403.5114418746078,824.5162433184676,533.8786672282948,6252.901594237925,6756.17743944687,5609.568085712636,6597.378428200462,0.0,0.0,0.0,164251.3773604701
2029-12,901.6943361820329,940.7094278447892,833.2918623546506,933.6186603413984,957.8811284135264,866.4615958403502,940.3803947877633,961.466229943957,14510.541286974309,18490.030178940855,17647.88053969285,18308.373298956518,0.0,0.0,0.0,227391.80300873774
2030-01,936.9540730527741,631.8986814493669,600.634427065489,622.5544092931913,585.7392882619324,574.2118602210801,456.5641339857323,690.9474043332511,4857.232940060989,7774.285237433923,8959.574504909418,8905.761995090708,0.0,0.0,0.0,156458.97698133418
